InvoiceNo,StockCode,Description,Quantity,InvoiceDate,UnitPrice,CustomerID,Country
536365,85123A,WHITE HANGING HEART T-LIGHT HOLDER,6,2010-12-01 08:26:00,2.55,17850.0,United Kingdom
536365,71053,WHITE METAL LANTERN,6,2010-12-01 08:26:00,3.39,17850.0,United Kingdom
536365,84406B,CREAM CUPID HEARTS COAT HANGER,8,2010-12-01 08:26:00,2.75,17850.0,United Kingdom
536365,84029G,KNITTED UNION FLAG HOT WATER BOTTLE,6,2010-12-01 08:26:00,3.39,17850.0,United Kingdom
536365,84029E,RED WOOLLY HOTTIE WHITE HEART.,6,2010-12-01 08:26:00,3.39,17850.0,United Kingdom
536365,22752,SET 7 BABUSHKA NESTING BOXES,2,2010-12-01 08:26:00,7.65,17850.0,United Kingdom
536365,21730,GLASS STAR FROSTED T-LIGHT HOLDER,6,2010-12-01 08:26:00,4.25,17850.0,United Kingdom
536366,22633,HAND WARMER UNION JACK,6,2010-12-01 08:28:00,1.85,17850.0,United Kingdom
536366,22632,HAND WARMER RED POLKA DOT,6,2010-12-01 08:28:00,1.85,17850.0,United Kingdom
536367,84879,ASSORTED COLOUR BIRD ORNAMENT,32,2010-12-01 08:34:00,1.69,13047.0,United Kingdom
536367,22745,POPPY'S PLAYHOUSE BEDROOM ,6,2010-12-01 08:34:00,2.1,13047.0,United Kingdom
536367,22748,POPPY'S PLAYHOUSE KITCHEN,6,2010-12-01 08:34:00,2.1,13047.0,United Kingdom
536367,22749,FELTCRAFT PRINCESS CHARLOTTE DOLL,8,2010-12-01 08:34:00,3.75,13047.0,United Kingdom
536367,22310,IVORY KNITTED MUG COSY ,6,2010-12-01 08:34:00,1.65,13047.0,United Kingdom
536367,84969,BOX OF 6 ASSORTED COLOUR TEASPOONS,6,2010-12-01 08:34:00,4.25,13047.0,United Kingdom
536367,22623,BOX OF VINTAGE JIGSAW BLOCKS ,3,2010-12-01 08:34:00,4.95,13047.0,United Kingdom
536367,22622,BOX OF VINTAGE ALPHABET BLOCKS,2,2010-12-01 08:34:00,9.95,13047.0,United Kingdom
536367,21754,HOME BUILDING BLOCK WORD,3,2010-12-01 08:34:00,5.95,13047.0,United Kingdom
536367,21755,LOVE BUILDING BLOCK WORD,3,2010-12-01 08:34:00,5.95,13047.0,United Kingdom
536367,21777,RECIPE BOX WITH METAL HEART,4,2010-12-01 08:34:00,7.95,13047.0,United Kingdom
536367,48187,DOORMAT NEW ENGLAND,4,2010-12-01 08:34:00,7.95,13047.0,United Kingdom
536368,22960,JAM MAKING SET WITH JARS,6,2010-12-01 08:34:00,4.25,13047.0,United Kingdom
536368,22913,RED COAT RACK PARIS FASHION,3,2010-12-01 08:34:00,4.95,13047.0,United Kingdom
536368,22912,YELLOW COAT RACK PARIS FASHION,3,2010-12-01 08:34:00,4.95,13047.0,United Kingdom
536368,22914,BLUE COAT RACK PARIS FASHION,3,2010-12-01 08:34:00,4.95,13047.0,United Kingdom
536369,21756,BATH BUILDING BLOCK WORD,3,2010-12-01 08:35:00,5.95,13047.0,United Kingdom
536370,22728,ALARM CLOCK BAKELIKE PINK,24,2010-12-01 08:45:00,3.75,12583.0,France
536370,22727,ALARM CLOCK BAKELIKE RED ,24,2010-12-01 08:45:00,3.75,12583.0,France
536370,22726,ALARM CLOCK BAKELIKE GREEN,12,2010-12-01 08:45:00,3.75,12583.0,France
536370,21724,PANDA AND BUNNIES STICKER SHEET,12,2010-12-01 08:45:00,0.85,12583.0,France
536370,21883,STARS GIFT TAPE ,24,2010-12-01 08:45:00,0.65,12583.0,France
536370,10002,INFLATABLE POLITICAL GLOBE ,48,2010-12-01 08:45:00,0.85,12583.0,France
536370,21791,VINTAGE HEADS AND TAILS CARD GAME ,24,2010-12-01 08:45:00,1.25,12583.0,France
536370,21035,SET/2 RED RETROSPOT TEA TOWELS ,18,2010-12-01 08:45:00,2.95,12583.0,France
536370,22326,ROUND SNACK BOXES SET OF4 WOODLAND ,24,2010-12-01 08:45:00,2.95,12583.0,France
536370,22629,SPACEBOY LUNCH BOX ,24,2010-12-01 08:45:00,1.95,12583.0,France
536370,22659,LUNCH BOX I LOVE LONDON,24,2010-12-01 08:45:00,1.95,12583.0,France
536370,22631,CIRCUS PARADE LUNCH BOX ,24,2010-12-01 08:45:00,1.95,12583.0,France
536370,22661,CHARLOTTE BAG DOLLY GIRL DESIGN,20,2010-12-01 08:45:00,0.85,12583.0,France
536370,21731,RED TOADSTOOL LED NIGHT LIGHT,24,2010-12-01 08:45:00,1.65,12583.0,France
536370,22900, SET 2 TEA TOWELS I LOVE LONDON ,24,2010-12-01 08:45:00,2.95,12583.0,France
536370,21913,VINTAGE SEASIDE JIGSAW PUZZLES,12,2010-12-01 08:45:00,3.75,12583.0,France
536370,22540,MINI JIGSAW CIRCUS PARADE ,24,2010-12-01 08:45:00,0.42,12583.0,France
536370,22544,MINI JIGSAW SPACEBOY,24,2010-12-01 08:45:00,0.42,12583.0,France
536370,22492,MINI PAINT SET VINTAGE ,36,2010-12-01 08:45:00,0.65,12583.0,France
536370,POST,POSTAGE,3,2010-12-01 08:45:00,18.0,12583.0,France
536371,22086,PAPER CHAIN KIT 50'S CHRISTMAS ,80,2010-12-01 09:00:00,2.55,13748.0,United Kingdom
536372,22632,HAND WARMER RED POLKA DOT,6,2010-12-01 09:01:00,1.85,17850.0,United Kingdom
536372,22633,HAND WARMER UNION JACK,6,2010-12-01 09:01:00,1.85,17850.0,United Kingdom
536373,85123A,WHITE HANGING HEART T-LIGHT HOLDER,6,2010-12-01 09:02:00,2.55,17850.0,United Kingdom
536373,71053,WHITE METAL LANTERN,6,2010-12-01 09:02:00,3.39,17850.0,United Kingdom
536373,84406B,CREAM CUPID HEARTS COAT HANGER,8,2010-12-01 09:02:00,2.75,17850.0,United Kingdom
536373,20679,EDWARDIAN PARASOL RED,6,2010-12-01 09:02:00,4.95,17850.0,United Kingdom
536373,37370,RETRO COFFEE MUGS ASSORTED,6,2010-12-01 09:02:00,1.06,17850.0,United Kingdom
536373,21871,SAVE THE PLANET MUG,6,2010-12-01 09:02:00,1.06,17850.0,United Kingdom
536373,21071,VINTAGE BILLBOARD DRINK ME MUG,6,2010-12-01 09:02:00,1.06,17850.0,United Kingdom
536373,21068,VINTAGE BILLBOARD LOVE/HATE MUG,6,2010-12-01 09:02:00,1.06,17850.0,United Kingdom
536373,82483,WOOD 2 DRAWER CABINET WHITE FINISH,2,2010-12-01 09:02:00,4.95,17850.0,United Kingdom
536373,82486,WOOD S/3 CABINET ANT WHITE FINISH,4,2010-12-01 09:02:00,6.95,17850.0,United Kingdom
536373,82482,WOODEN PICTURE FRAME WHITE FINISH,6,2010-12-01 09:02:00,2.1,17850.0,United Kingdom
536373,82494L,WOODEN FRAME ANTIQUE WHITE ,6,2010-12-01 09:02:00,2.55,17850.0,United Kingdom
536373,84029G,KNITTED UNION FLAG HOT WATER BOTTLE,6,2010-12-01 09:02:00,3.39,17850.0,United Kingdom
536373,84029E,RED WOOLLY HOTTIE WHITE HEART.,6,2010-12-01 09:02:00,3.39,17850.0,United Kingdom
536373,22752,SET 7 BABUSHKA NESTING BOXES,2,2010-12-01 09:02:00,7.65,17850.0,United Kingdom
536373,21730,GLASS STAR FROSTED T-LIGHT HOLDER,6,2010-12-01 09:02:00,4.25,17850.0,United Kingdom
536374,21258,VICTORIAN SEWING BOX LARGE,32,2010-12-01 09:09:00,10.95,15100.0,United Kingdom
536375,85123A,WHITE HANGING HEART T-LIGHT HOLDER,6,2010-12-01 09:32:00,2.55,17850.0,United Kingdom
536375,71053,WHITE METAL LANTERN,6,2010-12-01 09:32:00,3.39,17850.0,United Kingdom
536375,84406B,CREAM CUPID HEARTS COAT HANGER,8,2010-12-01 09:32:00,2.75,17850.0,United Kingdom
536375,20679,EDWARDIAN PARASOL RED,6,2010-12-01 09:32:00,4.95,17850.0,United Kingdom
536375,37370,RETRO COFFEE MUGS ASSORTED,6,2010-12-01 09:32:00,1.06,17850.0,United Kingdom
536375,21871,SAVE THE PLANET MUG,6,2010-12-01 09:32:00,1.06,17850.0,United Kingdom
536375,21071,VINTAGE BILLBOARD DRINK ME MUG,6,2010-12-01 09:32:00,1.06,17850.0,United Kingdom
536375,21068,VINTAGE BILLBOARD LOVE/HATE MUG,6,2010-12-01 09:32:00,1.06,17850.0,United Kingdom
536375,82483,WOOD 2 DRAWER CABINET WHITE FINISH,2,2010-12-01 09:32:00,4.95,17850.0,United Kingdom
536375,82486,WOOD S/3 CABINET ANT WHITE FINISH,4,2010-12-01 09:32:00,6.95,17850.0,United Kingdom
536375,82482,WOODEN PICTURE FRAME WHITE FINISH,6,2010-12-01 09:32:00,2.1,17850.0,United Kingdom
536375,82494L,WOODEN FRAME ANTIQUE WHITE ,6,2010-12-01 09:32:00,2.55,17850.0,United Kingdom
536375,84029G,KNITTED UNION FLAG HOT WATER BOTTLE,6,2010-12-01 09:32:00,3.39,17850.0,United Kingdom
536375,84029E,RED WOOLLY HOTTIE WHITE HEART.,6,2010-12-01 09:32:00,3.39,17850.0,United Kingdom
536375,22752,SET 7 BABUSHKA NESTING BOXES,2,2010-12-01 09:32:00,7.65,17850.0,United Kingdom
536375,21730,GLASS STAR FROSTED T-LIGHT HOLDER,6,2010-12-01 09:32:00,4.25,17850.0,United Kingdom
536376,22114,HOT WATER BOTTLE TEA AND SYMPATHY,48,2010-12-01 09:32:00,3.45,15291.0,United Kingdom
536376,21733,RED HANGING HEART T-LIGHT HOLDER,64,2010-12-01 09:32:00,2.55,15291.0,United Kingdom
536377,22632,HAND WARMER RED POLKA DOT,6,2010-12-01 09:34:00,1.85,17850.0,United Kingdom
536377,22633,HAND WARMER UNION JACK,6,2010-12-01 09:34:00,1.85,17850.0,United Kingdom
536378,22386,JUMBO BAG PINK POLKADOT,10,2010-12-01 09:37:00,1.95,14688.0,United Kingdom
536378,85099C,JUMBO  BAG BAROQUE BLACK WHITE,10,2010-12-01 09:37:00,1.95,14688.0,United Kingdom
536378,21033,JUMBO BAG CHARLIE AND LOLA TOYS,10,2010-12-01 09:37:00,2.95,14688.0,United Kingdom
536378,20723,STRAWBERRY CHARLOTTE BAG,10,2010-12-01 09:37:00,0.85,14688.0,United Kingdom
536378,84997B,RED 3 PIECE RETROSPOT CUTLERY SET,12,2010-12-01 09:37:00,3.75,14688.0,United Kingdom
536378,84997C,BLUE 3 PIECE POLKADOT CUTLERY SET,6,2010-12-01 09:37:00,3.75,14688.0,United Kingdom
536378,21094,SET/6 RED SPOTTY PAPER PLATES,12,2010-12-01 09:37:00,0.85,14688.0,United Kingdom
536378,20725,LUNCH BAG RED RETROSPOT,10,2010-12-01 09:37:00,1.65,14688.0,United Kingdom
536378,21559,STRAWBERRY LUNCH BOX WITH CUTLERY,6,2010-12-01 09:37:00,2.55,14688.0,United Kingdom
536378,22352,LUNCH BOX WITH CUTLERY RETROSPOT ,6,2010-12-01 09:37:00,2.55,14688.0,United Kingdom
536378,21212,PACK OF 72 RETROSPOT CAKE CASES,120,2010-12-01 09:37:00,0.42,14688.0,United Kingdom
536378,21975,PACK OF 60 DINOSAUR CAKE CASES,24,2010-12-01 09:37:00,0.55,14688.0,United Kingdom
536378,21977,PACK OF 60 PINK PAISLEY CAKE CASES,24,2010-12-01 09:37:00,0.55,14688.0,United Kingdom
536378,84991,60 TEATIME FAIRY CAKE CASES,24,2010-12-01 09:37:00,0.55,14688.0,United Kingdom
536378,84519A,TOMATO CHARLIE+LOLA COASTER SET,6,2010-12-01 09:37:00,2.95,14688.0,United Kingdom
536378,85183B,CHARLIE & LOLA WASTEPAPER BIN FLORA,48,2010-12-01 09:37:00,1.25,14688.0,United Kingdom
536378,85071B,RED CHARLIE+LOLA PERSONAL DOORSIGN,96,2010-12-01 09:37:00,0.38,14688.0,United Kingdom
536378,21931,JUMBO STORAGE BAG SUKI,10,2010-12-01 09:37:00,1.95,14688.0,United Kingdom
536378,21929,JUMBO BAG PINK VINTAGE PAISLEY,10,2010-12-01 09:37:00,1.95,14688.0,United Kingdom
536380,22961,JAM MAKING SET PRINTED,24,2010-12-01 09:41:00,1.45,17809.0,United Kingdom
536381,22139,RETROSPOT TEA SET CERAMIC 11 PC ,23,2010-12-01 09:41:00,4.25,15311.0,United Kingdom
536381,84854,GIRLY PINK TOOL SET,5,2010-12-01 09:41:00,4.95,15311.0,United Kingdom
536381,22411,JUMBO SHOPPER VINTAGE RED PAISLEY,10,2010-12-01 09:41:00,1.95,15311.0,United Kingdom
536381,82567,"AIRLINE LOUNGE,METAL SIGN",2,2010-12-01 09:41:00,2.1,15311.0,United Kingdom
536381,21672,WHITE SPOT RED CERAMIC DRAWER KNOB,6,2010-12-01 09:41:00,1.25,15311.0,United Kingdom
536381,22774,RED DRAWER KNOB ACRYLIC EDWARDIAN,24,2010-12-01 09:41:00,1.25,15311.0,United Kingdom
536381,22771,CLEAR DRAWER KNOB ACRYLIC EDWARDIAN,24,2010-12-01 09:41:00,1.25,15311.0,United Kingdom
536381,71270,PHOTO CLIP LINE,1,2010-12-01 09:41:00,1.25,15311.0,United Kingdom
536381,22262,FELT EGG COSY CHICKEN,1,2010-12-01 09:41:00,0.85,15311.0,United Kingdom
536381,22637,PIGGY BANK RETROSPOT ,1,2010-12-01 09:41:00,2.55,15311.0,United Kingdom
536381,21934,SKULL SHOULDER BAG,10,2010-12-01 09:41:00,1.65,15311.0,United Kingdom
536381,21169,YOU'RE CONFUSING ME METAL SIGN ,3,2010-12-01 09:41:00,1.69,15311.0,United Kingdom
536381,21166,COOK WITH WINE METAL SIGN ,1,2010-12-01 09:41:00,1.95,15311.0,United Kingdom
536381,21175,GIN + TONIC DIET METAL SIGN,2,2010-12-01 09:41:00,2.1,15311.0,United Kingdom
536381,37444A,YELLOW BREAKFAST CUP AND SAUCER,1,2010-12-01 09:41:00,2.95,15311.0,United Kingdom
536381,37444C,PINK BREAKFAST CUP AND SAUCER ,1,2010-12-01 09:41:00,2.95,15311.0,United Kingdom
536381,22086,PAPER CHAIN KIT 50'S CHRISTMAS ,4,2010-12-01 09:41:00,2.95,15311.0,United Kingdom
536381,22083,PAPER CHAIN KIT RETROSPOT,1,2010-12-01 09:41:00,2.95,15311.0,United Kingdom
536381,84971S,SMALL HEART FLOWERS HOOK ,6,2010-12-01 09:41:00,0.85,15311.0,United Kingdom
536381,71270,PHOTO CLIP LINE,3,2010-12-01 09:41:00,1.25,15311.0,United Kingdom
536381,47580,TEA TIME DES TEA COSY,2,2010-12-01 09:41:00,2.55,15311.0,United Kingdom
536381,22261,FELT EGG COSY WHITE RABBIT ,1,2010-12-01 09:41:00,0.85,15311.0,United Kingdom
536381,84832,ZINC WILLIE WINKIE  CANDLE STICK,1,2010-12-01 09:41:00,0.85,15311.0,United Kingdom
536381,22644,CERAMIC CHERRY CAKE MONEY BANK,1,2010-12-01 09:41:00,1.45,15311.0,United Kingdom
536381,21533,RETROSPOT LARGE MILK JUG,1,2010-12-01 09:41:00,4.95,15311.0,United Kingdom
536381,21557,SET OF 6 FUNKY BEAKERS,2,2010-12-01 09:41:00,2.95,15311.0,United Kingdom
536381,15056BL,EDWARDIAN PARASOL BLACK,2,2010-12-01 09:41:00,5.95,15311.0,United Kingdom
536381,15056N,EDWARDIAN PARASOL NATURAL,2,2010-12-01 09:41:00,5.95,15311.0,United Kingdom
536381,22646,CERAMIC STRAWBERRY CAKE MONEY BANK,4,2010-12-01 09:41:00,1.45,15311.0,United Kingdom
536381,22176,BLUE OWL SOFT TOY,1,2010-12-01 09:41:00,2.95,15311.0,United Kingdom
536381,22438,BALLOON ART MAKE YOUR OWN FLOWERS,1,2010-12-01 09:41:00,1.95,15311.0,United Kingdom
536381,21731,RED TOADSTOOL LED NIGHT LIGHT,2,2010-12-01 09:41:00,1.65,15311.0,United Kingdom
536381,22778,GLASS CLOCHE SMALL,3,2010-12-01 09:41:00,3.95,15311.0,United Kingdom
536381,22719,GUMBALL MONOCHROME COAT RACK,36,2010-12-01 09:41:00,1.06,15311.0,United Kingdom
536381,21523,DOORMAT FANCY FONT HOME SWEET HOME,10,2010-12-01 09:41:00,6.75,15311.0,United Kingdom
C536379,D,Discount,-1,2010-12-01 09:41:00,27.5,14527.0,United Kingdom
536382,10002,INFLATABLE POLITICAL GLOBE ,12,2010-12-01 09:45:00,0.85,16098.0,United Kingdom
536382,21912,VINTAGE SNAKES & LADDERS,8,2010-12-01 09:45:00,3.75,16098.0,United Kingdom
536382,21832,CHOCOLATE CALCULATOR,12,2010-12-01 09:45:00,1.65,16098.0,United Kingdom
536382,22411,JUMBO SHOPPER VINTAGE RED PAISLEY,10,2010-12-01 09:45:00,1.95,16098.0,United Kingdom
536382,22379,RECYCLING BAG RETROSPOT ,10,2010-12-01 09:45:00,2.1,16098.0,United Kingdom
536382,22381,TOY TIDY PINK POLKADOT,50,2010-12-01 09:45:00,1.85,16098.0,United Kingdom
536382,22798,ANTIQUE GLASS DRESSING TABLE POT,8,2010-12-01 09:45:00,2.95,16098.0,United Kingdom
536382,22726,ALARM CLOCK BAKELIKE GREEN,4,2010-12-01 09:45:00,3.75,16098.0,United Kingdom
536382,22926,IVORY GIANT GARDEN THERMOMETER,12,2010-12-01 09:45:00,5.95,16098.0,United Kingdom
536382,22839,3 TIER CAKE TIN GREEN AND CREAM,2,2010-12-01 09:45:00,14.95,16098.0,United Kingdom
536382,22838,3 TIER CAKE TIN RED AND CREAM,2,2010-12-01 09:45:00,14.95,16098.0,United Kingdom
536382,22783,SET 3 WICKER OVAL BASKETS W LIDS,4,2010-12-01 09:45:00,16.95,16098.0,United Kingdom
C536383,35004C,SET OF 3 COLOURED  FLYING DUCKS,-1,2010-12-01 09:49:00,4.65,15311.0,United Kingdom
536384,82484,WOOD BLACK BOARD ANT WHITE FINISH,3,2010-12-01 09:53:00,6.45,18074.0,United Kingdom
536384,84755,COLOUR GLASS T-LIGHT HOLDER HANGING,48,2010-12-01 09:53:00,0.65,18074.0,United Kingdom
536384,22464,HANGING METAL HEART LANTERN,12,2010-12-01 09:53:00,1.65,18074.0,United Kingdom
536384,21324,HANGING MEDINA LANTERN SMALL,6,2010-12-01 09:53:00,2.95,18074.0,United Kingdom
536384,22457,NATURAL SLATE HEART CHALKBOARD ,12,2010-12-01 09:53:00,2.95,18074.0,United Kingdom
536384,22469,HEART OF WICKER SMALL,40,2010-12-01 09:53:00,1.45,18074.0,United Kingdom
536384,22470,HEART OF WICKER LARGE,40,2010-12-01 09:53:00,2.55,18074.0,United Kingdom
536384,22224,WHITE LOVEBIRD LANTERN,6,2010-12-01 09:53:00,2.95,18074.0,United Kingdom
536384,21340,CLASSIC METAL BIRDCAGE PLANT HOLDER,2,2010-12-01 09:53:00,12.75,18074.0,United Kingdom
536384,22189,CREAM HEART CARD HOLDER,4,2010-12-01 09:53:00,3.95,18074.0,United Kingdom
536384,22427,ENAMEL FLOWER JUG CREAM,3,2010-12-01 09:53:00,5.95,18074.0,United Kingdom
536384,22428,ENAMEL FIRE BUCKET CREAM,6,2010-12-01 09:53:00,6.95,18074.0,United Kingdom
536384,22424,ENAMEL BREAD BIN CREAM,8,2010-12-01 09:53:00,10.95,18074.0,United Kingdom
536385,22783,SET 3 WICKER OVAL BASKETS W LIDS,1,2010-12-01 09:56:00,19.95,17420.0,United Kingdom
536385,22961,JAM MAKING SET PRINTED,12,2010-12-01 09:56:00,1.45,17420.0,United Kingdom
536385,22960,JAM MAKING SET WITH JARS,6,2010-12-01 09:56:00,4.25,17420.0,United Kingdom
536385,22663,JUMBO BAG DOLLY GIRL DESIGN,10,2010-12-01 09:56:00,1.95,17420.0,United Kingdom
536385,85049A,TRADITIONAL CHRISTMAS RIBBONS,12,2010-12-01 09:56:00,1.25,17420.0,United Kingdom
536385,22168,ORGANISER WOOD ANTIQUE WHITE ,2,2010-12-01 09:56:00,8.5,17420.0,United Kingdom
536385,22662,LUNCH BAG DOLLY GIRL DESIGN,10,2010-12-01 09:56:00,1.65,17420.0,United Kingdom
536386,84880,WHITE WIRE EGG HOLDER,36,2010-12-01 09:57:00,4.95,16029.0,United Kingdom
536386,85099C,JUMBO  BAG BAROQUE BLACK WHITE,100,2010-12-01 09:57:00,1.65,16029.0,United Kingdom
536386,85099B,JUMBO BAG RED RETROSPOT,100,2010-12-01 09:57:00,1.65,16029.0,United Kingdom
536387,79321,CHILLI LIGHTS,192,2010-12-01 09:58:00,3.82,16029.0,United Kingdom
536387,22780,LIGHT GARLAND BUTTERFILES PINK,192,2010-12-01 09:58:00,3.37,16029.0,United Kingdom
536387,22779,WOODEN OWLS LIGHT GARLAND ,192,2010-12-01 09:58:00,3.37,16029.0,United Kingdom
536387,22466,FAIRY TALE COTTAGE NIGHTLIGHT,432,2010-12-01 09:58:00,1.45,16029.0,United Kingdom
536387,21731,RED TOADSTOOL LED NIGHT LIGHT,432,2010-12-01 09:58:00,1.25,16029.0,United Kingdom
536388,21754,HOME BUILDING BLOCK WORD,3,2010-12-01 09:59:00,5.95,16250.0,United Kingdom
536388,21755,LOVE BUILDING BLOCK WORD,3,2010-12-01 09:59:00,5.95,16250.0,United Kingdom
536388,21523,DOORMAT FANCY FONT HOME SWEET HOME,2,2010-12-01 09:59:00,7.95,16250.0,United Kingdom
536388,21363,HOME SMALL WOOD LETTERS,3,2010-12-01 09:59:00,4.95,16250.0,United Kingdom
536388,21411,GINGHAM HEART  DOORSTOP RED,3,2010-12-01 09:59:00,4.25,16250.0,United Kingdom
536388,22318,FIVE HEART HANGING DECORATION,6,2010-12-01 09:59:00,2.95,16250.0,United Kingdom
536388,22464,HANGING METAL HEART LANTERN,12,2010-12-01 09:59:00,1.65,16250.0,United Kingdom
536388,22915,ASSORTED BOTTLE TOP  MAGNETS ,12,2010-12-01 09:59:00,0.42,16250.0,United Kingdom
536388,22922,FRIDGE MAGNETS US DINER ASSORTED,12,2010-12-01 09:59:00,0.85,16250.0,United Kingdom
536388,22969,HOMEMADE JAM SCENTED CANDLES,12,2010-12-01 09:59:00,1.45,16250.0,United Kingdom
536388,22923,FRIDGE MAGNETS LES ENFANTS ASSORTED,12,2010-12-01 09:59:00,0.85,16250.0,United Kingdom
536388,21115,ROSE CARAVAN DOORSTOP,4,2010-12-01 09:59:00,6.75,16250.0,United Kingdom
536388,22469,HEART OF WICKER SMALL,12,2010-12-01 09:59:00,1.65,16250.0,United Kingdom
536388,22242,5 HOOK HANGER MAGIC TOADSTOOL,12,2010-12-01 09:59:00,1.65,16250.0,United Kingdom
536389,22941,CHRISTMAS LIGHTS 10 REINDEER,6,2010-12-01 10:03:00,8.5,12431.0,Australia
536389,21622,VINTAGE UNION JACK CUSHION COVER,8,2010-12-01 10:03:00,4.95,12431.0,Australia
536389,21791,VINTAGE HEADS AND TAILS CARD GAME ,12,2010-12-01 10:03:00,1.25,12431.0,Australia
536389,35004C,SET OF 3 COLOURED  FLYING DUCKS,6,2010-12-01 10:03:00,5.45,12431.0,Australia
536389,35004G,SET OF 3 GOLD FLYING DUCKS,4,2010-12-01 10:03:00,6.35,12431.0,Australia
536389,85014B,RED RETROSPOT UMBRELLA,6,2010-12-01 10:03:00,5.95,12431.0,Australia
536389,85014A,BLACK/BLUE POLKADOT UMBRELLA,3,2010-12-01 10:03:00,5.95,12431.0,Australia
536389,22193,RED DINER WALL CLOCK,2,2010-12-01 10:03:00,8.5,12431.0,Australia
536389,22726,ALARM CLOCK BAKELIKE GREEN,4,2010-12-01 10:03:00,3.75,12431.0,Australia
536389,22727,ALARM CLOCK BAKELIKE RED ,4,2010-12-01 10:03:00,3.75,12431.0,Australia
536389,22192,BLUE DINER WALL CLOCK,2,2010-12-01 10:03:00,8.5,12431.0,Australia
536389,22191,IVORY DINER WALL CLOCK,2,2010-12-01 10:03:00,8.5,12431.0,Australia
536389,22195,LARGE HEART MEASURING SPOONS,24,2010-12-01 10:03:00,1.65,12431.0,Australia
536389,22196,SMALL HEART MEASURING SPOONS,24,2010-12-01 10:03:00,0.85,12431.0,Australia
536390,22941,CHRISTMAS LIGHTS 10 REINDEER,2,2010-12-01 10:19:00,8.5,17511.0,United Kingdom
536390,22960,JAM MAKING SET WITH JARS,12,2010-12-01 10:19:00,3.75,17511.0,United Kingdom
536390,22961,JAM MAKING SET PRINTED,12,2010-12-01 10:19:00,1.45,17511.0,United Kingdom
536390,22962,JAM JAR WITH PINK LID,48,2010-12-01 10:19:00,0.72,17511.0,United Kingdom
536390,22963,JAM JAR WITH GREEN LID,48,2010-12-01 10:19:00,0.72,17511.0,United Kingdom
536390,22968,ROSE COTTAGE KEEPSAKE BOX ,8,2010-12-01 10:19:00,8.5,17511.0,United Kingdom
536390,84970S,HANGING HEART ZINC T-LIGHT HOLDER,144,2010-12-01 10:19:00,0.64,17511.0,United Kingdom
536390,22910,PAPER CHAIN KIT VINTAGE CHRISTMAS,40,2010-12-01 10:19:00,2.55,17511.0,United Kingdom
536390,20668,DISCO BALL CHRISTMAS DECORATION,288,2010-12-01 10:19:00,0.1,17511.0,United Kingdom
536390,85123A,WHITE HANGING HEART T-LIGHT HOLDER,64,2010-12-01 10:19:00,2.55,17511.0,United Kingdom
536390,22197,SMALL POPCORN HOLDER,100,2010-12-01 10:19:00,0.72,17511.0,United Kingdom
536390,22198,LARGE POPCORN HOLDER ,50,2010-12-01 10:19:00,1.45,17511.0,United Kingdom
536390,21533,RETROSPOT LARGE MILK JUG,12,2010-12-01 10:19:00,4.25,17511.0,United Kingdom
536390,21080,SET/20 RED RETROSPOT PAPER NAPKINS ,96,2010-12-01 10:19:00,0.64,17511.0,United Kingdom
536390,21094,SET/6 RED SPOTTY PAPER PLATES,96,2010-12-01 10:19:00,0.64,17511.0,United Kingdom
536390,21086,SET/6 RED SPOTTY PAPER CUPS,48,2010-12-01 10:19:00,0.65,17511.0,United Kingdom
536390,21786,POLKADOT RAIN HAT ,144,2010-12-01 10:19:00,0.32,17511.0,United Kingdom
536390,22654,DELUXE SEWING KIT ,40,2010-12-01 10:19:00,4.95,17511.0,United Kingdom
536390,21485,RETROSPOT HEART HOT WATER BOTTLE,24,2010-12-01 10:19:00,4.25,17511.0,United Kingdom
536390,84029G,KNITTED UNION FLAG HOT WATER BOTTLE,24,2010-12-01 10:19:00,3.39,17511.0,United Kingdom
536390,84030E,ENGLISH ROSE HOT WATER BOTTLE,24,2010-12-01 10:19:00,3.75,17511.0,United Kingdom
536390,22174,PHOTO CUBE,48,2010-12-01 10:19:00,1.48,17511.0,United Kingdom
536390,22969,HOMEMADE JAM SCENTED CANDLES,96,2010-12-01 10:19:00,1.25,17511.0,United Kingdom
536390,85099B,JUMBO BAG RED RETROSPOT,100,2010-12-01 10:19:00,1.65,17511.0,United Kingdom
C536391,22556,PLASTERS IN TIN CIRCUS PARADE ,-12,2010-12-01 10:24:00,1.65,17548.0,United Kingdom
C536391,21984,PACK OF 12 PINK PAISLEY TISSUES ,-24,2010-12-01 10:24:00,0.29,17548.0,United Kingdom
C536391,21983,PACK OF 12 BLUE PAISLEY TISSUES ,-24,2010-12-01 10:24:00,0.29,17548.0,United Kingdom
C536391,21980,PACK OF 12 RED RETROSPOT TISSUES ,-24,2010-12-01 10:24:00,0.29,17548.0,United Kingdom
C536391,21484,CHICK GREY HOT WATER BOTTLE,-12,2010-12-01 10:24:00,3.45,17548.0,United Kingdom
C536391,22557,PLASTERS IN TIN VINTAGE PAISLEY ,-12,2010-12-01 10:24:00,1.65,17548.0,United Kingdom
C536391,22553,PLASTERS IN TIN SKULLS,-24,2010-12-01 10:24:00,1.65,17548.0,United Kingdom
536392,22150,3 STRIPEY MICE FELTCRAFT,6,2010-12-01 10:29:00,1.95,13705.0,United Kingdom
536392,22619,SET OF 6 SOLDIER SKITTLES,4,2010-12-01 10:29:00,3.75,13705.0,United Kingdom
536392,21891,TRADITIONAL WOODEN SKIPPING ROPE,12,2010-12-01 10:29:00,1.25,13705.0,United Kingdom
536392,21889,WOODEN BOX OF DOMINOES,12,2010-12-01 10:29:00,1.25,13705.0,United Kingdom
536392,22827,RUSTIC  SEVENTEEN DRAWER SIDEBOARD,1,2010-12-01 10:29:00,165.0,13705.0,United Kingdom
536392,22127,PARTY CONES CARNIVAL ASSORTED,12,2010-12-01 10:29:00,1.25,13705.0,United Kingdom
536392,22128,PARTY CONES CANDY ASSORTED,12,2010-12-01 10:29:00,1.25,13705.0,United Kingdom
536392,22502,PICNIC BASKET WICKER SMALL,4,2010-12-01 10:29:00,5.95,13705.0,United Kingdom
536392,84879,ASSORTED COLOUR BIRD ORNAMENT,16,2010-12-01 10:29:00,1.69,13705.0,United Kingdom
536392,22338,STAR DECORATION PAINTED ZINC ,24,2010-12-01 10:29:00,0.65,13705.0,United Kingdom
536393,22180,RETROSPOT LAMP,8,2010-12-01 10:37:00,9.95,13747.0,United Kingdom
536394,21506,"FANCY FONT BIRTHDAY CARD, ",24,2010-12-01 10:39:00,0.42,13408.0,United Kingdom
536394,22633,HAND WARMER UNION JACK,96,2010-12-01 10:39:00,1.85,13408.0,United Kingdom
536394,22866,HAND WARMER SCOTTY DOG DESIGN,96,2010-12-01 10:39:00,1.85,13408.0,United Kingdom
536394,22865,HAND WARMER OWL DESIGN,96,2010-12-01 10:39:00,1.85,13408.0,United Kingdom
536394,22632,HAND WARMER RED RETROSPOT,96,2010-12-01 10:39:00,1.85,13408.0,United Kingdom
536394,21485,RETROSPOT HEART HOT WATER BOTTLE,12,2010-12-01 10:39:00,4.95,13408.0,United Kingdom
536394,22349,DOG BOWL CHASING BALL DESIGN,12,2010-12-01 10:39:00,3.75,13408.0,United Kingdom
536394,22558,CLOTHES PEGS RETROSPOT PACK 24 ,48,2010-12-01 10:39:00,1.25,13408.0,United Kingdom
536394,85152,HAND OVER THE CHOCOLATE   SIGN ,12,2010-12-01 10:39:00,2.1,13408.0,United Kingdom
536394,85123A,WHITE HANGING HEART T-LIGHT HOLDER,32,2010-12-01 10:39:00,2.55,13408.0,United Kingdom
536394,22652,TRAVEL SEWING KIT,20,2010-12-01 10:39:00,1.65,13408.0,United Kingdom
536395,22188,BLACK HEART CARD HOLDER,8,2010-12-01 10:47:00,3.95,13767.0,United Kingdom
536395,84879,ASSORTED COLOUR BIRD ORNAMENT,32,2010-12-01 10:47:00,1.69,13767.0,United Kingdom
536395,21977,PACK OF 60 PINK PAISLEY CAKE CASES,24,2010-12-01 10:47:00,0.55,13767.0,United Kingdom
536395,84991,60 TEATIME FAIRY CAKE CASES,24,2010-12-01 10:47:00,0.55,13767.0,United Kingdom
536395,21212,PACK OF 72 RETROSPOT CAKE CASES,24,2010-12-01 10:47:00,0.55,13767.0,United Kingdom
536395,21484,CHICK GREY HOT WATER BOTTLE,8,2010-12-01 10:47:00,3.45,13767.0,United Kingdom
536395,21314,SMALL GLASS HEART TRINKET POT,8,2010-12-01 10:47:00,2.1,13767.0,United Kingdom
536395,22730,ALARM CLOCK BAKELIKE IVORY,4,2010-12-01 10:47:00,3.75,13767.0,United Kingdom
536395,22727,ALARM CLOCK BAKELIKE RED ,8,2010-12-01 10:47:00,3.75,13767.0,United Kingdom
536395,22729,ALARM CLOCK BAKELIKE ORANGE,8,2010-12-01 10:47:00,3.75,13767.0,United Kingdom
536395,22726,ALARM CLOCK BAKELIKE GREEN,8,2010-12-01 10:47:00,3.75,13767.0,United Kingdom
536395,22114,HOT WATER BOTTLE TEA AND SYMPATHY,8,2010-12-01 10:47:00,3.95,13767.0,United Kingdom
536395,22867,HAND WARMER BIRD DESIGN,48,2010-12-01 10:47:00,2.1,13767.0,United Kingdom
536395,22866,HAND WARMER SCOTTY DOG DESIGN,48,2010-12-01 10:47:00,2.1,13767.0,United Kingdom
536396,85123A,WHITE HANGING HEART T-LIGHT HOLDER,6,2010-12-01 10:51:00,2.55,17850.0,United Kingdom
536396,71053,WHITE METAL LANTERN,6,2010-12-01 10:51:00,3.39,17850.0,United Kingdom
536396,84406B,CREAM CUPID HEARTS COAT HANGER,8,2010-12-01 10:51:00,2.75,17850.0,United Kingdom
536396,15056BL,EDWARDIAN PARASOL BLACK,6,2010-12-01 10:51:00,4.95,17850.0,United Kingdom
536396,20679,EDWARDIAN PARASOL RED,6,2010-12-01 10:51:00,4.95,17850.0,United Kingdom
536396,37370,RETRO COFFEE MUGS ASSORTED,6,2010-12-01 10:51:00,1.06,17850.0,United Kingdom
536396,21871,SAVE THE PLANET MUG,6,2010-12-01 10:51:00,1.06,17850.0,United Kingdom
536396,21071,VINTAGE BILLBOARD DRINK ME MUG,6,2010-12-01 10:51:00,1.06,17850.0,United Kingdom
536396,21068,VINTAGE BILLBOARD LOVE/HATE MUG,6,2010-12-01 10:51:00,1.06,17850.0,United Kingdom
536396,82483,WOOD 2 DRAWER CABINET WHITE FINISH,2,2010-12-01 10:51:00,4.95,17850.0,United Kingdom
536396,82486,WOOD S/3 CABINET ANT WHITE FINISH,4,2010-12-01 10:51:00,6.95,17850.0,United Kingdom
536396,82482,WOODEN PICTURE FRAME WHITE FINISH,6,2010-12-01 10:51:00,2.1,17850.0,United Kingdom
536396,82494L,WOODEN FRAME ANTIQUE WHITE ,12,2010-12-01 10:51:00,2.55,17850.0,United Kingdom
536396,84029G,KNITTED UNION FLAG HOT WATER BOTTLE,6,2010-12-01 10:51:00,3.39,17850.0,United Kingdom
536396,84029E,RED WOOLLY HOTTIE WHITE HEART.,6,2010-12-01 10:51:00,3.39,17850.0,United Kingdom
536396,22752,SET 7 BABUSHKA NESTING BOXES,2,2010-12-01 10:51:00,7.65,17850.0,United Kingdom
536396,22803,IVORY EMBROIDERED QUILT ,2,2010-12-01 10:51:00,35.75,17850.0,United Kingdom
536396,21730,GLASS STAR FROSTED T-LIGHT HOLDER,6,2010-12-01 10:51:00,4.25,17850.0,United Kingdom
536397,35004B,SET OF 3 BLACK FLYING DUCKS,12,2010-12-01 10:51:00,4.65,17924.0,United Kingdom
536397,35004C,SET OF 3 COLOURED  FLYING DUCKS,48,2010-12-01 10:51:00,4.65,17924.0,United Kingdom
536398,21980,PACK OF 12 RED RETROSPOT TISSUES ,24,2010-12-01 10:52:00,0.29,13448.0,United Kingdom
536398,21844,RED RETROSPOT MUG,6,2010-12-01 10:52:00,2.95,13448.0,United Kingdom
536398,22468,BABUSHKA LIGHTS STRING OF 10,4,2010-12-01 10:52:00,6.75,13448.0,United Kingdom
536398,22637,PIGGY BANK RETROSPOT ,8,2010-12-01 10:52:00,2.55,13448.0,United Kingdom
536398,22752,SET 7 BABUSHKA NESTING BOXES,6,2010-12-01 10:52:00,8.5,13448.0,United Kingdom
536398,48185,DOORMAT FAIRY CAKE,2,2010-12-01 10:52:00,7.95,13448.0,United Kingdom
536398,22632,HAND WARMER RED RETROSPOT,12,2010-12-01 10:52:00,2.1,13448.0,United Kingdom
536398,22866,HAND WARMER SCOTTY DOG DESIGN,12,2010-12-01 10:52:00,2.1,13448.0,United Kingdom
536398,22865,HAND WARMER OWL DESIGN,12,2010-12-01 10:52:00,2.1,13448.0,United Kingdom
536398,21232,STRAWBERRY CERAMIC TRINKET BOX,12,2010-12-01 10:52:00,1.25,13448.0,United Kingdom
536398,22064,PINK DOUGHNUT TRINKET POT ,12,2010-12-01 10:52:00,1.65,13448.0,United Kingdom
536398,22449,SILK PURSE BABUSHKA PINK,6,2010-12-01 10:52:00,3.35,13448.0,United Kingdom
536398,22114,HOT WATER BOTTLE TEA AND SYMPATHY,4,2010-12-01 10:52:00,3.95,13448.0,United Kingdom
536398,22835,HOT WATER BOTTLE I AM SO POORLY,8,2010-12-01 10:52:00,4.65,13448.0,United Kingdom
536398,22112,CHOCOLATE HOT WATER BOTTLE,9,2010-12-01 10:52:00,4.95,13448.0,United Kingdom
536398,21479,WHITE SKULL HOT WATER BOTTLE ,4,2010-12-01 10:52:00,3.75,13448.0,United Kingdom
536398,22111,SCOTTIE DOG HOT WATER BOTTLE,9,2010-12-01 10:52:00,4.95,13448.0,United Kingdom
536399,22632,HAND WARMER RED POLKA DOT,6,2010-12-01 10:52:00,1.85,17850.0,United Kingdom
536399,22633,HAND WARMER UNION JACK,6,2010-12-01 10:52:00,1.85,17850.0,United Kingdom
536400,22969,HOMEMADE JAM SCENTED CANDLES,12,2010-12-01 10:53:00,1.45,13448.0,United Kingdom
536401,22110,BIRD HOUSE HOT WATER BOTTLE,1,2010-12-01 11:21:00,2.55,15862.0,United Kingdom
536401,22098,BOUDOIR SQUARE TISSUE BOX,1,2010-12-01 11:21:00,1.25,15862.0,United Kingdom
536401,22100,SKULLS SQUARE TISSUE BOX,2,2010-12-01 11:21:00,1.25,15862.0,United Kingdom
536401,22766,PHOTO FRAME CORNICE,1,2010-12-01 11:21:00,2.95,15862.0,United Kingdom
536401,22451,SILK PURSE BABUSHKA RED,1,2010-12-01 11:21:00,3.35,15862.0,United Kingdom
536401,22549,PICTURE DOMINOES,1,2010-12-01 11:21:00,1.45,15862.0,United Kingdom
536401,84744,S/6 SEW ON CROCHET FLOWERS,1,2010-12-01 11:21:00,1.25,15862.0,United Kingdom
536401,85049E,SCANDINAVIAN REDS RIBBONS,2,2010-12-01 11:21:00,1.25,15862.0,United Kingdom
536401,21328,BALLOONS  WRITING SET ,1,2010-12-01 11:21:00,1.65,15862.0,United Kingdom
536401,22961,JAM MAKING SET PRINTED,4,2010-12-01 11:21:00,1.45,15862.0,United Kingdom
536401,17091A,LAVENDER INCENSE IN TIN,1,2010-12-01 11:21:00,1.25,15862.0,United Kingdom
536401,22473,TV DINNER TRAY VINTAGE PAISLEY,1,2010-12-01 11:21:00,4.95,15862.0,United Kingdom
536401,84509A,SET OF 4 ENGLISH ROSE PLACEMATS,2,2010-12-01 11:21:00,3.75,15862.0,United Kingdom
536401,84510A,SET OF 4 ENGLISH ROSE COASTERS,2,2010-12-01 11:21:00,1.25,15862.0,United Kingdom
536401,22767,TRIPLE PHOTO FRAME CORNICE ,2,2010-12-01 11:21:00,9.95,15862.0,United Kingdom
536401,22768,FAMILY PHOTO FRAME CORNICE,1,2010-12-01 11:21:00,9.95,15862.0,United Kingdom
536401,21463,MIRRORED DISCO BALL ,1,2010-12-01 11:21:00,5.95,15862.0,United Kingdom
536401,21464,DISCO BALL ROTATOR BATTERY OPERATED,1,2010-12-01 11:21:00,4.25,15862.0,United Kingdom
536401,20820,SILVER LOOKING MIRROR,3,2010-12-01 11:21:00,4.95,15862.0,United Kingdom
536401,85150,LADIES & GENTLEMEN METAL SIGN,1,2010-12-01 11:21:00,2.55,15862.0,United Kingdom
536401,22117,METAL SIGN HER DINNER IS SERVED ,1,2010-12-01 11:21:00,2.95,15862.0,United Kingdom
536401,21169,YOU'RE CONFUSING ME METAL SIGN ,2,2010-12-01 11:21:00,1.69,15862.0,United Kingdom
536401,48129,DOORMAT TOPIARY,1,2010-12-01 11:21:00,7.95,15862.0,United Kingdom
536401,82580,BATHROOM METAL SIGN,1,2010-12-01 11:21:00,0.55,15862.0,United Kingdom
536401,82578,KITCHEN METAL SIGN,1,2010-12-01 11:21:00,0.55,15862.0,United Kingdom
536401,82581,TOILET METAL SIGN,2,2010-12-01 11:21:00,0.55,15862.0,United Kingdom
536401,22413,METAL SIGN TAKE IT OR LEAVE IT ,4,2010-12-01 11:21:00,2.95,15862.0,United Kingdom
536401,21907,I'M ON HOLIDAY METAL SIGN,2,2010-12-01 11:21:00,2.1,15862.0,United Kingdom
536401,22441,GROW YOUR OWN BASIL IN ENAMEL MUG,1,2010-12-01 11:21:00,2.1,15862.0,United Kingdom
536401,21122,SET/10 PINK POLKADOT PARTY CANDLES,1,2010-12-01 11:21:00,1.25,15862.0,United Kingdom
536401,22851,SET 20 NAPKINS FAIRY CAKES DESIGN ,1,2010-12-01 11:21:00,0.85,15862.0,United Kingdom
536401,84991,60 TEATIME FAIRY CAKE CASES,3,2010-12-01 11:21:00,0.55,15862.0,United Kingdom
536401,22810,SET OF 6 T-LIGHTS SNOWMEN,1,2010-12-01 11:21:00,2.95,15862.0,United Kingdom
536401,22809,SET OF 6 T-LIGHTS SANTA,1,2010-12-01 11:21:00,2.95,15862.0,United Kingdom
536401,22435,SET OF 9 HEART SHAPED BALLOONS,2,2010-12-01 11:21:00,1.25,15862.0,United Kingdom
536401,20966,SANDWICH BATH SPONGE,3,2010-12-01 11:21:00,1.25,15862.0,United Kingdom
536401,20963,APPLE BATH SPONGE,1,2010-12-01 11:21:00,1.25,15862.0,United Kingdom
536401,20961,STRAWBERRY BATH SPONGE ,1,2010-12-01 11:21:00,1.25,15862.0,United Kingdom
536401,22068,BLACK PIRATE TREASURE CHEST,2,2010-12-01 11:21:00,1.65,15862.0,United Kingdom
536401,21743,STAR PORTABLE TABLE LIGHT ,2,2010-12-01 11:21:00,2.95,15862.0,United Kingdom
536401,21744,SNOWFLAKE PORTABLE TABLE LIGHT ,2,2010-12-01 11:21:00,2.95,15862.0,United Kingdom
536401,84709B,PINK OVAL JEWELLED MIRROR,1,2010-12-01 11:21:00,5.95,15862.0,United Kingdom
536401,21592,RETROSPOT CIGAR BOX MATCHES ,1,2010-12-01 11:21:00,1.25,15862.0,United Kingdom
536401,21587,COSY HOUR GIANT TUBE MATCHES,2,2010-12-01 11:21:00,2.55,15862.0,United Kingdom
536401,20992,JAZZ HEARTS PURSE NOTEBOOK,9,2010-12-01 11:21:00,0.85,15862.0,United Kingdom
536401,22662,LUNCH BAG DOLLY GIRL DESIGN,1,2010-12-01 11:21:00,1.65,15862.0,United Kingdom
536401,85123A,WHITE HANGING HEART T-LIGHT HOLDER,4,2010-12-01 11:21:00,2.95,15862.0,United Kingdom
536401,22804,CANDLEHOLDER PINK HANGING HEART,3,2010-12-01 11:21:00,2.95,15862.0,United Kingdom
536401,82483,WOOD 2 DRAWER CABINET WHITE FINISH,1,2010-12-01 11:21:00,5.95,15862.0,United Kingdom
536401,20749,ASSORTED COLOUR MINI CASES,1,2010-12-01 11:21:00,7.95,15862.0,United Kingdom
536401,20725,LUNCH BAG RED RETROSPOT,1,2010-12-01 11:21:00,1.65,15862.0,United Kingdom
536401,22382,LUNCH BAG SPACEBOY DESIGN ,2,2010-12-01 11:21:00,1.65,15862.0,United Kingdom
536401,20726,LUNCH BAG WOODLAND,1,2010-12-01 11:21:00,1.65,15862.0,United Kingdom
536401,22384,LUNCH BAG PINK POLKADOT,1,2010-12-01 11:21:00,1.65,15862.0,United Kingdom
536401,22467,GUMBALL COAT RACK,5,2010-12-01 11:21:00,2.55,15862.0,United Kingdom
536401,84625C,BLUE NEW BAROQUE CANDLESTICK CANDLE,3,2010-12-01 11:21:00,2.95,15862.0,United Kingdom
536401,84625A,PINK NEW BAROQUECANDLESTICK CANDLE,3,2010-12-01 11:21:00,2.95,15862.0,United Kingdom
536401,21108,FAIRY CAKE FLANNEL ASSORTED COLOUR,9,2010-12-01 11:21:00,2.55,15862.0,United Kingdom
536401,22848,BREAD BIN DINER STYLE PINK,1,2010-12-01 11:21:00,16.95,15862.0,United Kingdom
536401,21033,JUMBO BAG CHARLIE AND LOLA TOYS,4,2010-12-01 11:21:00,2.95,15862.0,United Kingdom
536401,47570B,TEA TIME TABLE CLOTH,1,2010-12-01 11:21:00,10.65,15862.0,United Kingdom
536401,84030E,ENGLISH ROSE HOT WATER BOTTLE,1,2010-12-01 11:21:00,4.25,15862.0,United Kingdom
536401,22428,ENAMEL FIRE BUCKET CREAM,2,2010-12-01 11:21:00,6.95,15862.0,United Kingdom
536401,22502,PICNIC BASKET WICKER SMALL,2,2010-12-01 11:21:00,5.95,15862.0,United Kingdom
536402,22086,PAPER CHAIN KIT 50'S CHRISTMAS ,40,2010-12-01 11:22:00,2.55,15513.0,United Kingdom
536402,22910,PAPER CHAIN KIT VINTAGE CHRISTMAS,40,2010-12-01 11:22:00,2.55,15513.0,United Kingdom
536402,22837,HOT WATER BOTTLE BABUSHKA ,36,2010-12-01 11:22:00,4.25,15513.0,United Kingdom
536403,22867,HAND WARMER BIRD DESIGN,96,2010-12-01 11:27:00,1.85,12791.0,Netherlands
536403,POST,POSTAGE,1,2010-12-01 11:27:00,15.0,12791.0,Netherlands
536404,22297,HEART IVORY TRELLIS SMALL,24,2010-12-01 11:29:00,1.25,16218.0,United Kingdom
536404,22771,CLEAR DRAWER KNOB ACRYLIC EDWARDIAN,12,2010-12-01 11:29:00,1.25,16218.0,United Kingdom
536404,22772,PINK DRAWER KNOB ACRYLIC EDWARDIAN,12,2010-12-01 11:29:00,1.25,16218.0,United Kingdom
536404,22773,GREEN DRAWER KNOB ACRYLIC EDWARDIAN,12,2010-12-01 11:29:00,1.25,16218.0,United Kingdom
536404,22805,BLUE DRAWER KNOB ACRYLIC EDWARDIAN,12,2010-12-01 11:29:00,1.25,16218.0,United Kingdom
536404,22469,HEART OF WICKER SMALL,12,2010-12-01 11:29:00,1.65,16218.0,United Kingdom
536404,22197,SMALL POPCORN HOLDER,36,2010-12-01 11:29:00,0.85,16218.0,United Kingdom
536404,21125,SET 6 FOOTBALL CELEBRATION CANDLES,12,2010-12-01 11:29:00,1.25,16218.0,United Kingdom
536404,21126,SET OF 6 GIRLS CELEBRATION CANDLES,12,2010-12-01 11:29:00,1.25,16218.0,United Kingdom
536404,85049C,ROMANTIC PINKS RIBBONS ,12,2010-12-01 11:29:00,1.25,16218.0,United Kingdom
536404,85049D,BRIGHT BLUES RIBBONS ,12,2010-12-01 11:29:00,1.25,16218.0,United Kingdom
536404,85049E,SCANDINAVIAN REDS RIBBONS,12,2010-12-01 11:29:00,1.25,16218.0,United Kingdom
536404,85049G,CHOCOLATE BOX RIBBONS ,12,2010-12-01 11:29:00,1.25,16218.0,United Kingdom
536404,21061,PARTY INVITES FOOTBALL,12,2010-12-01 11:29:00,0.85,16218.0,United Kingdom
536404,21063,PARTY INVITES JAZZ HEARTS,12,2010-12-01 11:29:00,0.85,16218.0,United Kingdom
536404,21062,PARTY INVITES SPACEMAN,12,2010-12-01 11:29:00,0.85,16218.0,United Kingdom
536404,84380,SET OF 3 BUTTERFLY COOKIE CUTTERS,12,2010-12-01 11:29:00,1.25,16218.0,United Kingdom
536404,84378,SET OF 3 HEART COOKIE CUTTERS,12,2010-12-01 11:29:00,1.25,16218.0,United Kingdom
536404,22964,3 PIECE SPACEBOY COOKIE CUTTER SET,12,2010-12-01 11:29:00,2.1,16218.0,United Kingdom
536404,21213,PACK OF 72 SKULL CAKE CASES,24,2010-12-01 11:29:00,0.55,16218.0,United Kingdom
536404,22417,PACK OF 60 SPACEBOY CAKE CASES,24,2010-12-01 11:29:00,0.55,16218.0,United Kingdom
536404,21212,PACK OF 72 RETROSPOT CAKE CASES,24,2010-12-01 11:29:00,0.55,16218.0,United Kingdom
536404,84992,72 SWEETHEART FAIRY CAKE CASES,24,2010-12-01 11:29:00,0.55,16218.0,United Kingdom
536404,21975,PACK OF 60 DINOSAUR CAKE CASES,24,2010-12-01 11:29:00,0.55,16218.0,United Kingdom
536404,22383,LUNCH BAG SUKI  DESIGN ,10,2010-12-01 11:29:00,1.65,16218.0,United Kingdom
536404,20728,LUNCH BAG CARS BLUE,10,2010-12-01 11:29:00,1.65,16218.0,United Kingdom
536404,20727,LUNCH BAG  BLACK SKULL.,10,2010-12-01 11:29:00,1.65,16218.0,United Kingdom
536404,22296,HEART IVORY TRELLIS LARGE,24,2010-12-01 11:29:00,1.65,16218.0,United Kingdom
536405,20914,SET/5 RED RETROSPOT LID GLASS BOWLS,128,2010-12-01 11:32:00,2.55,14045.0,United Kingdom
536406,85123A,WHITE HANGING HEART T-LIGHT HOLDER,8,2010-12-01 11:33:00,2.55,17850.0,United Kingdom
536406,71053,WHITE METAL LANTERN,8,2010-12-01 11:33:00,3.39,17850.0,United Kingdom
536406,84406B,CREAM CUPID HEARTS COAT HANGER,8,2010-12-01 11:33:00,2.75,17850.0,United Kingdom
536406,20679,EDWARDIAN PARASOL RED,6,2010-12-01 11:33:00,4.95,17850.0,United Kingdom
536406,37370,RETRO COFFEE MUGS ASSORTED,6,2010-12-01 11:33:00,1.06,17850.0,United Kingdom
536406,21871,SAVE THE PLANET MUG,6,2010-12-01 11:33:00,1.06,17850.0,United Kingdom
536406,21071,VINTAGE BILLBOARD DRINK ME MUG,6,2010-12-01 11:33:00,1.06,17850.0,United Kingdom
536406,21068,VINTAGE BILLBOARD LOVE/HATE MUG,6,2010-12-01 11:33:00,1.06,17850.0,United Kingdom
536406,82483,WOOD 2 DRAWER CABINET WHITE FINISH,4,2010-12-01 11:33:00,4.95,17850.0,United Kingdom
536406,82486,WOOD S/3 CABINET ANT WHITE FINISH,4,2010-12-01 11:33:00,6.95,17850.0,United Kingdom
536406,82482,WOODEN PICTURE FRAME WHITE FINISH,6,2010-12-01 11:33:00,2.1,17850.0,United Kingdom
536406,82494L,WOODEN FRAME ANTIQUE WHITE ,6,2010-12-01 11:33:00,2.55,17850.0,United Kingdom
536406,84029G,KNITTED UNION FLAG HOT WATER BOTTLE,6,2010-12-01 11:33:00,3.39,17850.0,United Kingdom
536406,84029E,RED WOOLLY HOTTIE WHITE HEART.,6,2010-12-01 11:33:00,3.39,17850.0,United Kingdom
536406,22752,SET 7 BABUSHKA NESTING BOXES,2,2010-12-01 11:33:00,7.65,17850.0,United Kingdom
536406,22803,IVORY EMBROIDERED QUILT ,2,2010-12-01 11:33:00,35.75,17850.0,United Kingdom
536406,21730,GLASS STAR FROSTED T-LIGHT HOLDER,6,2010-12-01 11:33:00,4.25,17850.0,United Kingdom
536407,22632,HAND WARMER RED POLKA DOT,6,2010-12-01 11:34:00,1.85,17850.0,United Kingdom
536407,22633,HAND WARMER UNION JACK,6,2010-12-01 11:34:00,1.85,17850.0,United Kingdom
536408,22537,MAGIC DRAWING SLATE DINOSAUR,24,2010-12-01 11:41:00,0.42,14307.0,United Kingdom
536408,22533,MAGIC DRAWING SLATE BAKE A CAKE ,24,2010-12-01 11:41:00,0.42,14307.0,United Kingdom
536408,20982,12 PENCILS TALL TUBE SKULLS,12,2010-12-01 11:41:00,0.85,14307.0,United Kingdom
536408,21832,CHOCOLATE CALCULATOR,12,2010-12-01 11:41:00,1.65,14307.0,United Kingdom
536408,21915,RED  HARMONICA IN BOX ,12,2010-12-01 11:41:00,1.25,14307.0,United Kingdom
536408,21914,BLUE HARMONICA IN BOX ,12,2010-12-01 11:41:00,1.25,14307.0,United Kingdom
536408,21544,SKULLS  WATER TRANSFER TATTOOS ,12,2010-12-01 11:41:00,0.85,14307.0,United Kingdom
536408,22813,PACK 3 BOXES BIRD PANNETONE ,12,2010-12-01 11:41:00,1.95,14307.0,United Kingdom
536408,22114,HOT WATER BOTTLE TEA AND SYMPATHY,4,2010-12-01 11:41:00,3.95,14307.0,United Kingdom
536408,84029E,RED WOOLLY HOTTIE WHITE HEART.,4,2010-12-01 11:41:00,3.75,14307.0,United Kingdom
536408,21479,WHITE SKULL HOT WATER BOTTLE ,4,2010-12-01 11:41:00,3.75,14307.0,United Kingdom
536408,22964,3 PIECE SPACEBOY COOKIE CUTTER SET,6,2010-12-01 11:41:00,2.1,14307.0,United Kingdom
536408,84375,SET OF 20 KIDS COOKIE CUTTERS,12,2010-12-01 11:41:00,2.1,14307.0,United Kingdom
536408,22418,10 COLOUR SPACEBOY PEN,24,2010-12-01 11:41:00,0.85,14307.0,United Kingdom
536408,22178,VICTORIAN GLASS HANGING T-LIGHT,12,2010-12-01 11:41:00,1.25,14307.0,United Kingdom
536408,84970L,SINGLE HEART ZINC T-LIGHT HOLDER,12,2010-12-01 11:41:00,0.95,14307.0,United Kingdom
536408,21733,RED HANGING HEART T-LIGHT HOLDER,6,2010-12-01 11:41:00,2.95,14307.0,United Kingdom
536408,22465,HANGING METAL STAR LANTERN,12,2010-12-01 11:41:00,1.65,14307.0,United Kingdom
536408,84949,SILVER HANGING T-LIGHT HOLDER,6,2010-12-01 11:41:00,1.65,14307.0,United Kingdom
536408,20685,DOORMAT RED RETROSPOT,2,2010-12-01 11:41:00,7.95,14307.0,United Kingdom
536408,48194,DOORMAT HEARTS,2,2010-12-01 11:41:00,7.95,14307.0,United Kingdom
536408,22488,NATURAL SLATE RECTANGLE CHALKBOARD,12,2010-12-01 11:41:00,1.65,14307.0,United Kingdom
536408,22219,LOVEBIRD HANGING DECORATION WHITE ,12,2010-12-01 11:41:00,0.85,14307.0,United Kingdom
536408,84879,ASSORTED COLOUR BIRD ORNAMENT,8,2010-12-01 11:41:00,1.69,14307.0,United Kingdom
536408,21754,HOME BUILDING BLOCK WORD,3,2010-12-01 11:41:00,5.95,14307.0,United Kingdom
536408,21755,LOVE BUILDING BLOCK WORD,3,2010-12-01 11:41:00,5.95,14307.0,United Kingdom
536408,22766,PHOTO FRAME CORNICE,8,2010-12-01 11:41:00,2.95,14307.0,United Kingdom
536408,22610,PENS ASSORTED FUNNY FACE,36,2010-12-01 11:41:00,0.85,14307.0,United Kingdom
536408,22716,CARD CIRCUS PARADE,12,2010-12-01 11:41:00,0.42,14307.0,United Kingdom
536408,22706,WRAP COWBOYS  ,25,2010-12-01 11:41:00,0.42,14307.0,United Kingdom
536408,22371,AIRLINE BAG VINTAGE TOKYO 78,4,2010-12-01 11:41:00,4.25,14307.0,United Kingdom
536408,85014B,RED RETROSPOT UMBRELLA,3,2010-12-01 11:41:00,5.95,14307.0,United Kingdom
536408,85014A,BLACK/BLUE POLKADOT UMBRELLA,3,2010-12-01 11:41:00,5.95,14307.0,United Kingdom
536408,84997B,RED 3 PIECE RETROSPOT CUTLERY SET,6,2010-12-01 11:41:00,3.75,14307.0,United Kingdom
536408,21212,PACK OF 72 RETROSPOT CAKE CASES,24,2010-12-01 11:41:00,0.55,14307.0,United Kingdom
536408,21210,SET OF 72 RETROSPOT PAPER  DOILIES,12,2010-12-01 11:41:00,1.45,14307.0,United Kingdom
536408,22914,BLUE COAT RACK PARIS FASHION,3,2010-12-01 11:41:00,4.95,14307.0,United Kingdom
536408,22553,PLASTERS IN TIN SKULLS,12,2010-12-01 11:41:00,1.65,14307.0,United Kingdom
536408,16237,SLEEPING CAT ERASERS,30,2010-12-01 11:41:00,0.21,14307.0,United Kingdom
536408,22714,CARD BIRTHDAY COWBOY,12,2010-12-01 11:41:00,0.42,14307.0,United Kingdom
536408,22812,PACK 3 BOXES CHRISTMAS PANNETONE,12,2010-12-01 11:41:00,1.95,14307.0,United Kingdom
536408,84347,ROTATING SILVER ANGELS T-LIGHT HLDR,6,2010-12-01 11:41:00,2.55,14307.0,United Kingdom
536408,21587,COSY HOUR GIANT TUBE MATCHES,12,2010-12-01 11:41:00,2.55,14307.0,United Kingdom
536408,22736,RIBBON REEL MAKING SNOWMEN ,10,2010-12-01 11:41:00,1.65,14307.0,United Kingdom
536408,22492,MINI PAINT SET VINTAGE ,36,2010-12-01 11:41:00,0.65,14307.0,United Kingdom
536408,22620,4 TRADITIONAL SPINNING TOPS,12,2010-12-01 11:41:00,1.25,14307.0,United Kingdom
536408,22619,SET OF 6 SOLDIER SKITTLES,4,2010-12-01 11:41:00,3.75,14307.0,United Kingdom
536408,21705,BAG 500g SWIRLY MARBLES,12,2010-12-01 11:41:00,1.65,14307.0,United Kingdom
536409,90199C,5 STRAND GLASS NECKLACE CRYSTAL,3,2010-12-01 11:45:00,6.35,17908.0,United Kingdom
536409,21479,WHITE SKULL HOT WATER BOTTLE ,1,2010-12-01 11:45:00,3.75,17908.0,United Kingdom
536409,22111,SCOTTIE DOG HOT WATER BOTTLE,1,2010-12-01 11:45:00,4.95,17908.0,United Kingdom
536409,22785,SQUARECUSHION COVER PINK UNION FLAG,1,2010-12-01 11:45:00,6.75,17908.0,United Kingdom
536409,22975,SPACEBOY CHILDRENS EGG CUP,1,2010-12-01 11:45:00,1.25,17908.0,United Kingdom
536409,22972,CHILDREN'S SPACEBOY MUG,1,2010-12-01 11:45:00,1.65,17908.0,United Kingdom
536409,22866,HAND WARMER SCOTTY DOG DESIGN,1,2010-12-01 11:45:00,2.1,17908.0,United Kingdom
536409,22568,FELTCRAFT CUSHION OWL,1,2010-12-01 11:45:00,3.75,17908.0,United Kingdom
536409,85116,BLACK CANDELABRA T-LIGHT HOLDER,1,2010-12-01 11:45:00,2.1,17908.0,United Kingdom
536409,22664,TOY TIDY DOLLY GIRL DESIGN,1,2010-12-01 11:45:00,2.1,17908.0,United Kingdom
536409,21609,SET 12 LAVENDER  BOTANICAL T-LIGHTS,1,2010-12-01 11:45:00,2.95,17908.0,United Kingdom
536409,21866,UNION JACK FLAG LUGGAGE TAG,1,2010-12-01 11:45:00,1.25,17908.0,United Kingdom
536409,20669,RED HEART LUGGAGE TAG,1,2010-12-01 11:45:00,1.25,17908.0,United Kingdom
536409,90129F,RED GLASS TASSLE BAG CHARM,1,2010-12-01 11:45:00,2.95,17908.0,United Kingdom
536409,90210B,CLEAR ACRYLIC FACETED BANGLE,1,2010-12-01 11:45:00,2.95,17908.0,United Kingdom
536409,90199C,5 STRAND GLASS NECKLACE CRYSTAL,1,2010-12-01 11:45:00,6.35,17908.0,United Kingdom
536409,21955,DOORMAT UNION JACK GUNS AND ROSES,1,2010-12-01 11:45:00,7.95,17908.0,United Kingdom
536409,72802C,VANILLA SCENT CANDLE JEWELLED BOX,1,2010-12-01 11:45:00,4.25,17908.0,United Kingdom
536409,22109,FULL ENGLISH BREAKFAST PLATE,1,2010-12-01 11:45:00,3.75,17908.0,United Kingdom
536409,85116,BLACK CANDELABRA T-LIGHT HOLDER,5,2010-12-01 11:45:00,2.1,17908.0,United Kingdom
536409,22531,MAGIC DRAWING SLATE CIRCUS PARADE  ,1,2010-12-01 11:45:00,0.42,17908.0,United Kingdom
536409,21811,CHRISTMAS HANGING HEART WITH BELL,1,2010-12-01 11:45:00,1.25,17908.0,United Kingdom
536409,22183,CAKE STAND VICTORIAN FILIGREE MED,1,2010-12-01 11:45:00,6.75,17908.0,United Kingdom
536409,21678,PAISLEY PATTERN  STICKERS,6,2010-12-01 11:45:00,0.85,17908.0,United Kingdom
536409,21676,FLOWERS  STICKERS,6,2010-12-01 11:45:00,0.85,17908.0,United Kingdom
536409,84625A,PINK NEW BAROQUECANDLESTICK CANDLE,1,2010-12-01 11:45:00,2.95,17908.0,United Kingdom
536409,84625C,BLUE NEW BAROQUE CANDLESTICK CANDLE,3,2010-12-01 11:45:00,2.95,17908.0,United Kingdom
536409,21931,JUMBO STORAGE BAG SUKI,2,2010-12-01 11:45:00,1.95,17908.0,United Kingdom
536409,85169B,BLACK LOVE BIRD CANDLE,12,2010-12-01 11:45:00,1.25,17908.0,United Kingdom
536409,16238,PARTY TIME PENCIL ERASERS,28,2010-12-01 11:45:00,0.21,17908.0,United Kingdom
536409,20668,DISCO BALL CHRISTMAS DECORATION,24,2010-12-01 11:45:00,0.12,17908.0,United Kingdom
536409,84906,PINK B'FLY C/COVER W BOBBLES,1,2010-12-01 11:45:00,5.95,17908.0,United Kingdom
536409,21867,PINK UNION JACK  LUGGAGE TAG,1,2010-12-01 11:45:00,1.25,17908.0,United Kingdom
536409,22075,6 RIBBONS ELEGANT CHRISTMAS ,1,2010-12-01 11:45:00,1.65,17908.0,United Kingdom
536409,21866,UNION JACK FLAG LUGGAGE TAG,1,2010-12-01 11:45:00,1.25,17908.0,United Kingdom
536409,21326,AGED GLASS SILVER T-LIGHT HOLDER,12,2010-12-01 11:45:00,0.65,17908.0,United Kingdom
536409,21065,BOOM BOX SPEAKER GIRLS,1,2010-12-01 11:45:00,5.95,17908.0,United Kingdom
536409,22074,6 RIBBONS SHIMMERING PINKS ,1,2010-12-01 11:45:00,1.65,17908.0,United Kingdom
536409,22900, SET 2 TEA TOWELS I LOVE LONDON ,1,2010-12-01 11:45:00,2.95,17908.0,United Kingdom
536409,20713,JUMBO BAG OWLS,1,2010-12-01 11:45:00,1.95,17908.0,United Kingdom
536409,20966,SANDWICH BATH SPONGE,2,2010-12-01 11:45:00,1.25,17908.0,United Kingdom
536409,21116,OWL DOORSTOP,1,2010-12-01 11:45:00,4.95,17908.0,United Kingdom
536409,90199C,5 STRAND GLASS NECKLACE CRYSTAL,2,2010-12-01 11:45:00,6.35,17908.0,United Kingdom
536409,22633,HAND WARMER UNION JACK,1,2010-12-01 11:45:00,2.1,17908.0,United Kingdom
536409,22866,HAND WARMER SCOTTY DOG DESIGN,1,2010-12-01 11:45:00,2.1,17908.0,United Kingdom
536409,22198,LARGE POPCORN HOLDER ,1,2010-12-01 11:45:00,1.65,17908.0,United Kingdom
536409,21824,PAINTED METAL STAR WITH HOLLY BELLS,3,2010-12-01 11:45:00,1.45,17908.0,United Kingdom
536409,21823,PAINTED METAL HEART WITH HOLLY BELL,3,2010-12-01 11:45:00,1.45,17908.0,United Kingdom
536409,22153,ANGEL DECORATION STARS ON DRESS,6,2010-12-01 11:45:00,0.42,17908.0,United Kingdom
536409,22197,SMALL POPCORN HOLDER,2,2010-12-01 11:45:00,0.85,17908.0,United Kingdom
536409,85099B,JUMBO BAG RED RETROSPOT,2,2010-12-01 11:45:00,1.95,17908.0,United Kingdom
536409,85099F,JUMBO BAG STRAWBERRY,1,2010-12-01 11:45:00,1.95,17908.0,United Kingdom
536409,20717,STRAWBERRY SHOPPER BAG,1,2010-12-01 11:45:00,1.25,17908.0,United Kingdom
536409,20723,STRAWBERRY CHARLOTTE BAG,1,2010-12-01 11:45:00,0.85,17908.0,United Kingdom
536409,22900, SET 2 TEA TOWELS I LOVE LONDON ,1,2010-12-01 11:45:00,2.95,17908.0,United Kingdom
536409,21980,PACK OF 12 RED RETROSPOT TISSUES ,12,2010-12-01 11:45:00,0.29,17908.0,United Kingdom
536409,22111,SCOTTIE DOG HOT WATER BOTTLE,1,2010-12-01 11:45:00,4.95,17908.0,United Kingdom
536409,22112,CHOCOLATE HOT WATER BOTTLE,1,2010-12-01 11:45:00,4.95,17908.0,United Kingdom
536412,20728,LUNCH BAG CARS BLUE,3,2010-12-01 11:49:00,1.65,17920.0,United Kingdom
536412,22382,LUNCH BAG SPACEBOY DESIGN ,3,2010-12-01 11:49:00,1.65,17920.0,United Kingdom
536412,22326,ROUND SNACK BOXES SET OF4 WOODLAND ,1,2010-12-01 11:49:00,2.95,17920.0,United Kingdom
536412,22662,LUNCH BAG DOLLY GIRL DESIGN,4,2010-12-01 11:49:00,1.65,17920.0,United Kingdom
536412,22383,LUNCH BAG SUKI  DESIGN ,3,2010-12-01 11:49:00,1.65,17920.0,United Kingdom
536412,20727,LUNCH BAG  BLACK SKULL.,3,2010-12-01 11:49:00,1.65,17920.0,United Kingdom
536412,22328,ROUND SNACK BOXES SET OF 4 FRUITS ,1,2010-12-01 11:49:00,2.95,17920.0,United Kingdom
536412,22327,ROUND SNACK BOXES SET OF 4 SKULLS,1,2010-12-01 11:49:00,2.95,17920.0,United Kingdom
536412,22630,DOLLY GIRL LUNCH BOX,1,2010-12-01 11:49:00,1.95,17920.0,United Kingdom
536412,22629,SPACEBOY LUNCH BOX ,1,2010-12-01 11:49:00,1.95,17920.0,United Kingdom
536412,21245,GREEN POLKADOT PLATE ,1,2010-12-01 11:49:00,1.69,17920.0,United Kingdom
536412,21244,BLUE POLKADOT PLATE ,1,2010-12-01 11:49:00,1.69,17920.0,United Kingdom
536412,21242,RED RETROSPOT PLATE ,1,2010-12-01 11:49:00,1.69,17920.0,United Kingdom
536412,21243,PINK  POLKADOT PLATE ,1,2010-12-01 11:49:00,1.69,17920.0,United Kingdom
536412,22327,ROUND SNACK BOXES SET OF 4 SKULLS,1,2010-12-01 11:49:00,2.95,17920.0,United Kingdom
536412,22273,FELTCRAFT DOLL MOLLY,1,2010-12-01 11:49:00,2.95,17920.0,United Kingdom
536412,22940,FELTCRAFT CHRISTMAS FAIRY,3,2010-12-01 11:49:00,4.25,17920.0,United Kingdom
536412,22652,TRAVEL SEWING KIT,5,2010-12-01 11:49:00,1.65,17920.0,United Kingdom
536412,22759,SET OF 3 NOTEBOOKS IN PARCEL,1,2010-12-01 11:49:00,1.65,17920.0,United Kingdom
536412,21880,RED RETROSPOT TAPE,10,2010-12-01 11:49:00,0.65,17920.0,United Kingdom
536412,21738,COSY SLIPPER SHOES SMALL  RED ,1,2010-12-01 11:49:00,2.95,17920.0,United Kingdom
536412,22077,6 RIBBONS RUSTIC CHARM,1,2010-12-01 11:49:00,1.65,17920.0,United Kingdom
536412,85049E,SCANDINAVIAN REDS RIBBONS,3,2010-12-01 11:49:00,1.25,17920.0,United Kingdom
536412,22961,JAM MAKING SET PRINTED,24,2010-12-01 11:49:00,1.45,17920.0,United Kingdom
536412,21448,12 DAISY PEGS IN WOOD BOX,2,2010-12-01 11:49:00,1.65,17920.0,United Kingdom
536412,22837,HOT WATER BOTTLE BABUSHKA ,3,2010-12-01 11:49:00,4.65,17920.0,United Kingdom
536412,22749,FELTCRAFT PRINCESS CHARLOTTE DOLL,2,2010-12-01 11:49:00,3.75,17920.0,United Kingdom
536412,22940,FELTCRAFT CHRISTMAS FAIRY,1,2010-12-01 11:49:00,4.25,17920.0,United Kingdom
536412,22749,FELTCRAFT PRINCESS CHARLOTTE DOLL,1,2010-12-01 11:49:00,3.75,17920.0,United Kingdom
536412,22077,6 RIBBONS RUSTIC CHARM,2,2010-12-01 11:49:00,1.65,17920.0,United Kingdom
536412,21738,COSY SLIPPER SHOES SMALL  RED ,2,2010-12-01 11:49:00,2.95,17920.0,United Kingdom
536412,85049E,SCANDINAVIAN REDS RIBBONS,1,2010-12-01 11:49:00,1.25,17920.0,United Kingdom
536412,22243,5 HOOK HANGER RED MAGIC TOADSTOOL,6,2010-12-01 11:49:00,1.65,17920.0,United Kingdom
536412,22141,CHRISTMAS CRAFT TREE TOP ANGEL,1,2010-12-01 11:49:00,2.1,17920.0,United Kingdom
536412,22144,CHRISTMAS CRAFT LITTLE FRIENDS,2,2010-12-01 11:49:00,2.1,17920.0,United Kingdom
536412,22243,5 HOOK HANGER RED MAGIC TOADSTOOL,3,2010-12-01 11:49:00,1.65,17920.0,United Kingdom
536412,22077,6 RIBBONS RUSTIC CHARM,7,2010-12-01 11:49:00,1.65,17920.0,United Kingdom
536412,21448,12 DAISY PEGS IN WOOD BOX,1,2010-12-01 11:49:00,1.65,17920.0,United Kingdom
536412,22759,SET OF 3 NOTEBOOKS IN PARCEL,5,2010-12-01 11:49:00,1.65,17920.0,United Kingdom
536412,22242,5 HOOK HANGER MAGIC TOADSTOOL,5,2010-12-01 11:49:00,1.65,17920.0,United Kingdom
536412,85049E,SCANDINAVIAN REDS RIBBONS,12,2010-12-01 11:49:00,1.25,17920.0,United Kingdom
536412,21731,RED TOADSTOOL LED NIGHT LIGHT,5,2010-12-01 11:49:00,1.65,17920.0,United Kingdom
536412,22243,5 HOOK HANGER RED MAGIC TOADSTOOL,1,2010-12-01 11:49:00,1.65,17920.0,United Kingdom
536412,21739,COSY SLIPPER SHOES SMALL GREEN,2,2010-12-01 11:49:00,2.95,17920.0,United Kingdom
536412,21738,COSY SLIPPER SHOES SMALL  RED ,5,2010-12-01 11:49:00,2.95,17920.0,United Kingdom
536412,22271,FELTCRAFT DOLL ROSIE,2,2010-12-01 11:49:00,2.95,17920.0,United Kingdom
536412,22273,FELTCRAFT DOLL MOLLY,1,2010-12-01 11:49:00,2.95,17920.0,United Kingdom
536412,22274,FELTCRAFT DOLL EMILY,2,2010-12-01 11:49:00,2.95,17920.0,United Kingdom
536412,22749,FELTCRAFT PRINCESS CHARLOTTE DOLL,1,2010-12-01 11:49:00,3.75,17920.0,United Kingdom
536412,22751,FELTCRAFT PRINCESS OLIVIA DOLL,2,2010-12-01 11:49:00,3.75,17920.0,United Kingdom
536412,21034,REX CASH+CARRY JUMBO SHOPPER,1,2010-12-01 11:49:00,0.95,17920.0,United Kingdom
536412,22273,FELTCRAFT DOLL MOLLY,2,2010-12-01 11:49:00,2.95,17920.0,United Kingdom
536412,22568,FELTCRAFT CUSHION OWL,3,2010-12-01 11:49:00,3.75,17920.0,United Kingdom
536412,22141,CHRISTMAS CRAFT TREE TOP ANGEL,1,2010-12-01 11:49:00,2.1,17920.0,United Kingdom
536412,22144,CHRISTMAS CRAFT LITTLE FRIENDS,1,2010-12-01 11:49:00,2.1,17920.0,United Kingdom
536412,22570,FELTCRAFT CUSHION RABBIT,3,2010-12-01 11:49:00,3.75,17920.0,United Kingdom
536412,22569,FELTCRAFT CUSHION BUTTERFLY,2,2010-12-01 11:49:00,3.75,17920.0,United Kingdom
536412,21448,12 DAISY PEGS IN WOOD BOX,1,2010-12-01 11:49:00,1.65,17920.0,United Kingdom
536412,22086,PAPER CHAIN KIT 50'S CHRISTMAS ,1,2010-12-01 11:49:00,2.95,17920.0,United Kingdom
536412,22569,FELTCRAFT CUSHION BUTTERFLY,2,2010-12-01 11:49:00,3.75,17920.0,United Kingdom
536412,21448,12 DAISY PEGS IN WOOD BOX,2,2010-12-01 11:49:00,1.65,17920.0,United Kingdom
536412,22968,ROSE COTTAGE KEEPSAKE BOX ,4,2010-12-01 11:49:00,9.95,17920.0,United Kingdom
536412,22902,TOTE BAG I LOVE LONDON,7,2010-12-01 11:49:00,2.1,17920.0,United Kingdom
536412,21448,12 DAISY PEGS IN WOOD BOX,2,2010-12-01 11:49:00,1.65,17920.0,United Kingdom
536412,22902,TOTE BAG I LOVE LONDON,7,2010-12-01 11:49:00,2.1,17920.0,United Kingdom
536412,21710,FOLDING UMBRELLA PINKWHITE POLKADOT,1,2010-12-01 11:49:00,4.95,17920.0,United Kingdom
536412,21708,FOLDING UMBRELLA CREAM POLKADOT,1,2010-12-01 11:49:00,4.95,17920.0,United Kingdom
536412,21711,FOLDING UMBRELLA WHITE/RED POLKADOT,1,2010-12-01 11:49:00,4.95,17920.0,United Kingdom
536412,22179,SET 10 LIGHTS NIGHT OWL,2,2010-12-01 11:49:00,6.75,17920.0,United Kingdom
536412,22197,SMALL POPCORN HOLDER,5,2010-12-01 11:49:00,0.85,17920.0,United Kingdom
536412,22900, SET 2 TEA TOWELS I LOVE LONDON ,2,2010-12-01 11:49:00,2.95,17920.0,United Kingdom
536412,21706,FOLDING UMBRELLA RED/WHITE POLKADOT,1,2010-12-01 11:49:00,4.95,17920.0,United Kingdom
536412,22468,BABUSHKA LIGHTS STRING OF 10,2,2010-12-01 11:49:00,6.75,17920.0,United Kingdom
536412,20725,LUNCH BAG RED RETROSPOT,1,2010-12-01 11:49:00,1.65,17920.0,United Kingdom
536412,85184C,S/4 VALENTINE DECOUPAGE HEART BOX,1,2010-12-01 11:49:00,2.95,17920.0,United Kingdom
536412,21708,FOLDING UMBRELLA CREAM POLKADOT,1,2010-12-01 11:49:00,4.95,17920.0,United Kingdom
536412,22900, SET 2 TEA TOWELS I LOVE LONDON ,2,2010-12-01 11:49:00,2.95,17920.0,United Kingdom
536412,21706,FOLDING UMBRELLA RED/WHITE POLKADOT,1,2010-12-01 11:49:00,4.95,17920.0,United Kingdom
536412,22988,SOLDIERS EGG CUP ,6,2010-12-01 11:49:00,1.25,17920.0,United Kingdom
536412,85184C,S/4 VALENTINE DECOUPAGE HEART BOX,1,2010-12-01 11:49:00,2.95,17920.0,United Kingdom
536412,20750,RED RETROSPOT MINI CASES,1,2010-12-01 11:49:00,7.95,17920.0,United Kingdom
536414,22139,,56,2010-12-01 11:52:00,0.0,,United Kingdom
536415,22952,60 CAKE CASES VINTAGE CHRISTMAS,10,2010-12-01 11:57:00,0.55,12838.0,United Kingdom
536415,22910,PAPER CHAIN KIT VINTAGE CHRISTMAS,5,2010-12-01 11:57:00,2.95,12838.0,United Kingdom
536415,22739,RIBBON REEL CHRISTMAS SOCK BAUBLE,3,2010-12-01 11:57:00,1.65,12838.0,United Kingdom
536415,22738,RIBBON REEL SNOWY VILLAGE,3,2010-12-01 11:57:00,1.65,12838.0,United Kingdom
536415,22736,RIBBON REEL MAKING SNOWMEN ,3,2010-12-01 11:57:00,1.65,12838.0,United Kingdom
536415,22909,SET OF 20 VINTAGE CHRISTMAS NAPKINS,5,2010-12-01 11:57:00,0.85,12838.0,United Kingdom
536415,35591T,TURQUOISE CHRISTMAS TREE ,2,2010-12-01 11:57:00,1.25,12838.0,United Kingdom
536415,22186,RED STAR CARD HOLDER,5,2010-12-01 11:57:00,2.95,12838.0,United Kingdom
536415,22695,WICKER WREATH SMALL,3,2010-12-01 11:57:00,1.45,12838.0,United Kingdom
536415,22470,HEART OF WICKER LARGE,1,2010-12-01 11:57:00,2.95,12838.0,United Kingdom
536415,22580,ADVENT CALENDAR GINGHAM SACK,1,2010-12-01 11:57:00,5.95,12838.0,United Kingdom
536415,22469,HEART OF WICKER SMALL,5,2010-12-01 11:57:00,1.65,12838.0,United Kingdom
536415,22147,FELTCRAFT BUTTERFLY HEARTS,4,2010-12-01 11:57:00,1.45,12838.0,United Kingdom
536415,22130,PARTY CONE CHRISTMAS DECORATION ,6,2010-12-01 11:57:00,0.85,12838.0,United Kingdom
536415,21791,VINTAGE HEADS AND TAILS CARD GAME ,3,2010-12-01 11:57:00,1.25,12838.0,United Kingdom
536415,22694,WICKER STAR ,5,2010-12-01 11:57:00,2.1,12838.0,United Kingdom
536415,21790,VINTAGE SNAP CARDS,3,2010-12-01 11:57:00,0.85,12838.0,United Kingdom
536415,22149,FELTCRAFT 6 FLOWER FRIENDS,4,2010-12-01 11:57:00,2.1,12838.0,United Kingdom
536415,22900, SET 2 TEA TOWELS I LOVE LONDON ,3,2010-12-01 11:57:00,2.95,12838.0,United Kingdom
536415,22961,JAM MAKING SET PRINTED,3,2010-12-01 11:57:00,1.45,12838.0,United Kingdom
536415,22321,BIRD DECORATION RED RETROSPOT,12,2010-12-01 11:57:00,0.85,12838.0,United Kingdom
536415,22594,CHRISTMAS GINGHAM TREE,5,2010-12-01 11:57:00,0.85,12838.0,United Kingdom
536415,22593,CHRISTMAS GINGHAM STAR,4,2010-12-01 11:57:00,0.85,12838.0,United Kingdom
536415,22595,CHRISTMAS GINGHAM HEART,6,2010-12-01 11:57:00,0.85,12838.0,United Kingdom
536415,21986,PACK OF 12 PINK POLKADOT TISSUES,12,2010-12-01 11:57:00,0.29,12838.0,United Kingdom
536415,22750,FELTCRAFT PRINCESS LOLA DOLL,2,2010-12-01 11:57:00,3.75,12838.0,United Kingdom
536415,22616,PACK OF 12 LONDON TISSUES ,12,2010-12-01 11:57:00,0.29,12838.0,United Kingdom
536415,22775,PURPLE DRAWERKNOB ACRYLIC EDWARDIAN,1,2010-12-01 11:57:00,1.25,12838.0,United Kingdom
536415,22899,CHILDREN'S APRON DOLLY GIRL ,2,2010-12-01 11:57:00,2.1,12838.0,United Kingdom
536415,22367,CHILDRENS APRON SPACEBOY DESIGN,3,2010-12-01 11:57:00,1.95,12838.0,United Kingdom
536415,22942,CHRISTMAS LIGHTS 10 SANTAS ,3,2010-12-01 11:57:00,8.5,12838.0,United Kingdom
536415,22941,CHRISTMAS LIGHTS 10 REINDEER,3,2010-12-01 11:57:00,8.5,12838.0,United Kingdom
536415,22086,PAPER CHAIN KIT 50'S CHRISTMAS ,6,2010-12-01 11:57:00,2.95,12838.0,United Kingdom
536415,22940,FELTCRAFT CHRISTMAS FAIRY,2,2010-12-01 11:57:00,4.25,12838.0,United Kingdom
536415,21212,PACK OF 72 RETROSPOT CAKE CASES,2,2010-12-01 11:57:00,0.55,12838.0,United Kingdom
536415,21976,PACK OF 60 MUSHROOM CAKE CASES,2,2010-12-01 11:57:00,0.55,12838.0,United Kingdom
536415,22951,60 CAKE CASES DOLLY GIRL DESIGN,2,2010-12-01 11:57:00,0.55,12838.0,United Kingdom
536415,21977,PACK OF 60 PINK PAISLEY CAKE CASES,3,2010-12-01 11:57:00,0.55,12838.0,United Kingdom
536415,22834,HAND WARMER BABUSHKA DESIGN,3,2010-12-01 11:57:00,2.1,12838.0,United Kingdom
536415,22867,HAND WARMER BIRD DESIGN,3,2010-12-01 11:57:00,2.1,12838.0,United Kingdom
536415,22865,HAND WARMER OWL DESIGN,3,2010-12-01 11:57:00,2.1,12838.0,United Kingdom
536415,22632,HAND WARMER RED RETROSPOT,3,2010-12-01 11:57:00,2.1,12838.0,United Kingdom
536415,21916,SET 12 RETRO WHITE CHALK STICKS,2,2010-12-01 11:57:00,0.42,12838.0,United Kingdom
536415,22587,FELTCRAFT HAIRBAND RED AND BLUE,4,2010-12-01 11:57:00,0.85,12838.0,United Kingdom
536415,22566,FELTCRAFT HAIRBAND PINK AND PURPLE,3,2010-12-01 11:57:00,0.85,12838.0,United Kingdom
536415,22565,FELTCRAFT HAIRBANDS PINK AND WHITE ,3,2010-12-01 11:57:00,0.85,12838.0,United Kingdom
536415,22472,TV DINNER TRAY DOLLY GIRL,2,2010-12-01 11:57:00,4.95,12838.0,United Kingdom
536415,22557,PLASTERS IN TIN VINTAGE PAISLEY ,3,2010-12-01 11:57:00,1.65,12838.0,United Kingdom
536415,22551,PLASTERS IN TIN SPACEBOY,3,2010-12-01 11:57:00,1.65,12838.0,United Kingdom
536415,22554,PLASTERS IN TIN WOODLAND ANIMALS,3,2010-12-01 11:57:00,1.65,12838.0,United Kingdom
536415,22534,MAGIC DRAWING SLATE SPACEBOY ,3,2010-12-01 11:57:00,0.42,12838.0,United Kingdom
536415,22531,MAGIC DRAWING SLATE CIRCUS PARADE  ,3,2010-12-01 11:57:00,0.42,12838.0,United Kingdom
536415,22529,MAGIC DRAWING SLATE GO TO THE FAIR ,3,2010-12-01 11:57:00,0.42,12838.0,United Kingdom
536415,22530,MAGIC DRAWING SLATE DOLLY GIRL ,3,2010-12-01 11:57:00,0.42,12838.0,United Kingdom
536415,84032B,CHARLIE + LOLA RED HOT WATER BOTTLE,3,2010-12-01 11:57:00,2.95,12838.0,United Kingdom
536415,22837,HOT WATER BOTTLE BABUSHKA ,3,2010-12-01 11:57:00,4.65,12838.0,United Kingdom
536415,85049H,URBAN BLACK RIBBONS ,2,2010-12-01 11:57:00,1.25,12838.0,United Kingdom
536415,22749,FELTCRAFT PRINCESS CHARLOTTE DOLL,2,2010-12-01 11:57:00,3.75,12838.0,United Kingdom
536415,22807,SET OF 6 T-LIGHTS TOADSTOOLS,12,2010-12-01 11:57:00,2.95,12838.0,United Kingdom
536416,21494,ROTATING LEAVES T-LIGHT HOLDER,12,2010-12-01 11:58:00,1.25,13255.0,United Kingdom
536416,21915,RED  HARMONICA IN BOX ,72,2010-12-01 11:58:00,1.25,13255.0,United Kingdom
536416,22938,CUPCAKE LACE PAPER SET 6,12,2010-12-01 11:58:00,1.95,13255.0,United Kingdom
536416,22768,FAMILY PHOTO FRAME CORNICE,4,2010-12-01 11:58:00,9.95,13255.0,United Kingdom
536416,22767,TRIPLE PHOTO FRAME CORNICE ,4,2010-12-01 11:58:00,9.95,13255.0,United Kingdom
536416,82494L,WOODEN FRAME ANTIQUE WHITE ,6,2010-12-01 11:58:00,2.95,13255.0,United Kingdom
536420,21889,WOODEN BOX OF DOMINOES,12,2010-12-01 12:03:00,1.25,16583.0,United Kingdom
536420,21892,TRADITIONAL WOODEN CATCH CUP GAME ,12,2010-12-01 12:03:00,1.25,16583.0,United Kingdom
536420,21891,TRADITIONAL WOODEN SKIPPING ROPE,12,2010-12-01 12:03:00,1.25,16583.0,United Kingdom
536420,21890,S/6 WOODEN SKITTLES IN COTTON BAG,6,2010-12-01 12:03:00,2.95,16583.0,United Kingdom
536420,21718,RED METAL BEACH SPADE ,12,2010-12-01 12:03:00,1.25,16583.0,United Kingdom
536420,21716,BOYS VINTAGE TIN SEASIDE BUCKET,8,2010-12-01 12:03:00,2.55,16583.0,United Kingdom
536420,21715,GIRLS VINTAGE TIN SEASIDE BUCKET,8,2010-12-01 12:03:00,2.55,16583.0,United Kingdom
536420,22113,GREY HEART HOT WATER BOTTLE,4,2010-12-01 12:03:00,3.75,16583.0,United Kingdom
536420,22111,SCOTTIE DOG HOT WATER BOTTLE,3,2010-12-01 12:03:00,4.95,16583.0,United Kingdom
536420,22110,BIRD HOUSE HOT WATER BOTTLE,6,2010-12-01 12:03:00,2.55,16583.0,United Kingdom
536420,22358,KINGS CHOICE TEA CADDY ,6,2010-12-01 12:03:00,2.95,16583.0,United Kingdom
536420,22357,KINGS CHOICE BISCUIT TIN,4,2010-12-01 12:03:00,4.25,16583.0,United Kingdom
536420,22115,METAL SIGN EMPIRE TEA,6,2010-12-01 12:03:00,2.95,16583.0,United Kingdom
536420,22969,HOMEMADE JAM SCENTED CANDLES,12,2010-12-01 12:03:00,1.45,16583.0,United Kingdom
536423,22619,SET OF 6 SOLDIER SKITTLES,4,2010-12-01 12:08:00,3.75,18085.0,United Kingdom
536423,21481,FAWN BLUE HOT WATER BOTTLE,6,2010-12-01 12:08:00,2.95,18085.0,United Kingdom
536423,22632,HAND WARMER RED RETROSPOT,12,2010-12-01 12:08:00,2.1,18085.0,United Kingdom
536423,22837,HOT WATER BOTTLE BABUSHKA ,8,2010-12-01 12:08:00,4.65,18085.0,United Kingdom
536423,21479,WHITE SKULL HOT WATER BOTTLE ,8,2010-12-01 12:08:00,3.75,18085.0,United Kingdom
536423,21485,RETROSPOT HEART HOT WATER BOTTLE,8,2010-12-01 12:08:00,4.95,18085.0,United Kingdom
536423,84029E,RED WOOLLY HOTTIE WHITE HEART.,8,2010-12-01 12:08:00,3.75,18085.0,United Kingdom
536423,22111,SCOTTIE DOG HOT WATER BOTTLE,16,2010-12-01 12:08:00,4.95,18085.0,United Kingdom
536423,22113,GREY HEART HOT WATER BOTTLE,8,2010-12-01 12:08:00,3.75,18085.0,United Kingdom
536598,21421,PORCELAIN ROSE LARGE ,12,2010-12-02 07:48:00,1.25,13090.0,United Kingdom
536598,21422,PORCELAIN ROSE SMALL,16,2010-12-02 07:48:00,0.85,13090.0,United Kingdom
536598,22178,VICTORIAN GLASS HANGING T-LIGHT,24,2010-12-02 07:48:00,1.25,13090.0,United Kingdom
536598,22617,BAKING SET SPACEBOY DESIGN,24,2010-12-02 07:48:00,4.25,13090.0,United Kingdom
536599,22968,ROSE COTTAGE KEEPSAKE BOX ,8,2010-12-02 07:49:00,8.5,15694.0,United Kingdom
536599,22727,ALARM CLOCK BAKELIKE RED ,4,2010-12-02 07:49:00,3.75,15694.0,United Kingdom
536599,22726,ALARM CLOCK BAKELIKE GREEN,12,2010-12-02 07:49:00,3.75,15694.0,United Kingdom
536599,84945,MULTI COLOUR SILVER T-LIGHT HOLDER,36,2010-12-02 07:49:00,0.85,15694.0,United Kingdom
536599,20749,ASSORTED COLOUR MINI CASES,12,2010-12-02 07:49:00,6.35,15694.0,United Kingdom
536599,21056,DOCTOR'S BAG SOFT TOY,8,2010-12-02 07:49:00,8.95,15694.0,United Kingdom
536600,85123A,WHITE HANGING HEART T-LIGHT HOLDER,6,2010-12-02 08:32:00,2.55,17850.0,United Kingdom
536600,71053,WHITE METAL LANTERN,6,2010-12-02 08:32:00,3.39,17850.0,United Kingdom
536600,82483,WOOD 2 DRAWER CABINET WHITE FINISH,4,2010-12-02 08:32:00,4.95,17850.0,United Kingdom
536600,82486,WOOD S/3 CABINET ANT WHITE FINISH,2,2010-12-02 08:32:00,6.95,17850.0,United Kingdom
536600,82482,WOODEN PICTURE FRAME WHITE FINISH,6,2010-12-02 08:32:00,2.1,17850.0,United Kingdom
536600,82494L,WOODEN FRAME ANTIQUE WHITE ,6,2010-12-02 08:32:00,2.55,17850.0,United Kingdom
536600,22411,JUMBO SHOPPER VINTAGE RED PAISLEY,6,2010-12-02 08:32:00,1.65,17850.0,United Kingdom
536600,84029G,KNITTED UNION FLAG HOT WATER BOTTLE,6,2010-12-02 08:32:00,3.39,17850.0,United Kingdom
536600,84029E,RED WOOLLY HOTTIE WHITE HEART.,6,2010-12-02 08:32:00,3.39,17850.0,United Kingdom
536600,22752,SET 7 BABUSHKA NESTING BOXES,2,2010-12-02 08:32:00,7.65,17850.0,United Kingdom
536600,22803,IVORY EMBROIDERED QUILT ,2,2010-12-02 08:32:00,35.75,17850.0,United Kingdom
536600,21730,GLASS STAR FROSTED T-LIGHT HOLDER,4,2010-12-02 08:32:00,4.25,17850.0,United Kingdom
536601,22632,HAND WARMER RED POLKA DOT,6,2010-12-02 08:33:00,1.85,17850.0,United Kingdom
536601,22633,HAND WARMER UNION JACK,6,2010-12-02 08:33:00,1.85,17850.0,United Kingdom
536602,37370,RETRO COFFEE MUGS ASSORTED,6,2010-12-02 08:34:00,1.06,17850.0,United Kingdom
536602,21871,SAVE THE PLANET MUG,6,2010-12-02 08:34:00,1.06,17850.0,United Kingdom
536602,21071,VINTAGE BILLBOARD DRINK ME MUG,6,2010-12-02 08:34:00,1.06,17850.0,United Kingdom
536602,21068,VINTAGE BILLBOARD LOVE/HATE MUG,6,2010-12-02 08:34:00,1.06,17850.0,United Kingdom
536602,82483,WOOD 2 DRAWER CABINET WHITE FINISH,4,2010-12-02 08:34:00,4.95,17850.0,United Kingdom
536602,22411,JUMBO SHOPPER VINTAGE RED PAISLEY,6,2010-12-02 08:34:00,1.65,17850.0,United Kingdom
536602,84029G,KNITTED UNION FLAG HOT WATER BOTTLE,6,2010-12-02 08:34:00,3.39,17850.0,United Kingdom
536602,84029E,RED WOOLLY HOTTIE WHITE HEART.,6,2010-12-02 08:34:00,3.39,17850.0,United Kingdom
536602,21730,GLASS STAR FROSTED T-LIGHT HOLDER,4,2010-12-02 08:34:00,4.25,17850.0,United Kingdom
536602,22752,SET 7 BABUSHKA NESTING BOXES,2,2010-12-02 08:34:00,7.65,17850.0,United Kingdom
536602,85123A,WHITE HANGING HEART T-LIGHT HOLDER,6,2010-12-02 08:34:00,2.55,17850.0,United Kingdom
536602,71053,WHITE METAL LANTERN,6,2010-12-02 08:34:00,3.39,17850.0,United Kingdom
536603,22632,HAND WARMER RED POLKA DOT,6,2010-12-02 08:40:00,1.85,17850.0,United Kingdom
536603,22633,HAND WARMER UNION JACK,6,2010-12-02 08:40:00,1.85,17850.0,United Kingdom
536604,84832,ZINC WILLIE WINKIE  CANDLE STICK,12,2010-12-02 08:43:00,0.85,14741.0,United Kingdom
536604,85231B,CINAMMON SET OF 9 T-LIGHTS,12,2010-12-02 08:43:00,0.85,14741.0,United Kingdom
536604,22189,CREAM HEART CARD HOLDER,12,2010-12-02 08:43:00,3.95,14741.0,United Kingdom
536604,22457,NATURAL SLATE HEART CHALKBOARD ,6,2010-12-02 08:43:00,2.95,14741.0,United Kingdom
536604,22863,SOAP DISH BROCANTE,6,2010-12-02 08:43:00,2.95,14741.0,United Kingdom
536604,22792,FLUTED ANTIQUE CANDLE HOLDER,12,2010-12-02 08:43:00,0.85,14741.0,United Kingdom
536604,84970S,HANGING HEART ZINC T-LIGHT HOLDER,12,2010-12-02 08:43:00,0.85,14741.0,United Kingdom
536604,72741,GRAND CHOCOLATECANDLE,18,2010-12-02 08:43:00,1.45,14741.0,United Kingdom
536604,22961,JAM MAKING SET PRINTED,24,2010-12-02 08:43:00,1.45,14741.0,United Kingdom
536605,21364,PEACE SMALL WOOD LETTERS,2,2010-12-02 08:52:00,6.75,13715.0,United Kingdom
536605,22219,LOVEBIRD HANGING DECORATION WHITE ,12,2010-12-02 08:52:00,0.85,13715.0,United Kingdom
536605,20966,SANDWICH BATH SPONGE,10,2010-12-02 08:52:00,1.25,13715.0,United Kingdom
536605,22107,PIZZA PLATE IN BOX,8,2010-12-02 08:52:00,3.75,13715.0,United Kingdom
536605,22109,FULL ENGLISH BREAKFAST PLATE,8,2010-12-02 08:52:00,3.75,13715.0,United Kingdom
536605,21181,PLEASE ONE PERSON METAL SIGN,12,2010-12-02 08:52:00,2.1,13715.0,United Kingdom
536605,21042,RED RETROSPOT APRON ,3,2010-12-02 08:52:00,5.95,13715.0,United Kingdom
536605,47567B,TEA TIME KITCHEN APRON,3,2010-12-02 08:52:00,5.95,13715.0,United Kingdom
536605,22111,SCOTTIE DOG HOT WATER BOTTLE,3,2010-12-02 08:52:00,4.95,13715.0,United Kingdom
536605,22271,FELTCRAFT DOLL ROSIE,6,2010-12-02 08:52:00,2.95,13715.0,United Kingdom
536605,22272,FELTCRAFT DOLL MARIA,6,2010-12-02 08:52:00,2.95,13715.0,United Kingdom
536605,22273,FELTCRAFT DOLL MOLLY,6,2010-12-02 08:52:00,2.95,13715.0,United Kingdom
536605,22274,FELTCRAFT DOLL EMILY,6,2010-12-02 08:52:00,2.95,13715.0,United Kingdom
536605,20963,APPLE BATH SPONGE,10,2010-12-02 08:52:00,1.25,13715.0,United Kingdom
536605,21172,PARTY METAL SIGN ,12,2010-12-02 08:52:00,1.45,13715.0,United Kingdom
C536606,20914,SET/5 RED RETROSPOT LID GLASS BOWLS,-2,2010-12-02 09:10:00,2.95,14092.0,United Kingdom
536607,72760B,VINTAGE CREAM 3 BASKET CAKE STAND,2,2010-12-02 09:29:00,9.95,17732.0,United Kingdom
536607,22602,CHRISTMAS RETROSPOT HEART WOOD,12,2010-12-02 09:29:00,0.85,17732.0,United Kingdom
536607,21754,HOME BUILDING BLOCK WORD,3,2010-12-02 09:29:00,5.95,17732.0,United Kingdom
536607,21756,BATH BUILDING BLOCK WORD,3,2010-12-02 09:29:00,5.95,17732.0,United Kingdom
536607,21481,FAWN BLUE HOT WATER BOTTLE,6,2010-12-02 09:29:00,2.95,17732.0,United Kingdom
536607,22114,HOT WATER BOTTLE TEA AND SYMPATHY,4,2010-12-02 09:29:00,3.95,17732.0,United Kingdom
536607,22386,JUMBO BAG PINK POLKADOT,10,2010-12-02 09:29:00,1.95,17732.0,United Kingdom
536607,85099B,JUMBO BAG RED RETROSPOT,10,2010-12-02 09:29:00,1.95,17732.0,United Kingdom
536607,22365,DOORMAT RESPECTABLE HOUSE,2,2010-12-02 09:29:00,7.95,17732.0,United Kingdom
536607,21955,DOORMAT UNION JACK GUNS AND ROSES,2,2010-12-02 09:29:00,7.95,17732.0,United Kingdom
536607,21733,RED HANGING HEART T-LIGHT HOLDER,6,2010-12-02 09:29:00,2.95,17732.0,United Kingdom
536607,84879,ASSORTED COLOUR BIRD ORNAMENT,8,2010-12-02 09:29:00,1.69,17732.0,United Kingdom
536607,22423,REGENCY CAKESTAND 3 TIER,1,2010-12-02 09:29:00,12.75,17732.0,United Kingdom
536607,22624,IVORY KITCHEN SCALES,2,2010-12-02 09:29:00,8.5,17732.0,United Kingdom
536607,22507,MEMO BOARD RETROSPOT  DESIGN,4,2010-12-02 09:29:00,4.95,17732.0,United Kingdom
536607,22457,NATURAL SLATE HEART CHALKBOARD ,6,2010-12-02 09:29:00,2.95,17732.0,United Kingdom
536607,22804,CANDLEHOLDER PINK HANGING HEART,6,2010-12-02 09:29:00,2.95,17732.0,United Kingdom
536607,85123A,WHITE HANGING HEART T-LIGHT HOLDER,6,2010-12-02 09:29:00,2.95,17732.0,United Kingdom
536608,22863,SOAP DISH BROCANTE,6,2010-12-02 09:37:00,2.95,12855.0,United Kingdom
536608,22962,JAM JAR WITH PINK LID,12,2010-12-02 09:37:00,0.85,12855.0,United Kingdom
536608,22963,JAM JAR WITH GREEN LID,12,2010-12-02 09:37:00,0.85,12855.0,United Kingdom
536609,85123A,WHITE HANGING HEART T-LIGHT HOLDER,6,2010-12-02 09:41:00,2.55,17850.0,United Kingdom
536609,71053,WHITE METAL LANTERN,6,2010-12-02 09:41:00,3.39,17850.0,United Kingdom
536609,84406B,CREAM CUPID HEARTS COAT HANGER,6,2010-12-02 09:41:00,2.75,17850.0,United Kingdom
536609,37370,RETRO COFFEE MUGS ASSORTED,6,2010-12-02 09:41:00,1.06,17850.0,United Kingdom
536609,21871,SAVE THE PLANET MUG,6,2010-12-02 09:41:00,1.06,17850.0,United Kingdom
536609,21071,VINTAGE BILLBOARD DRINK ME MUG,6,2010-12-02 09:41:00,1.06,17850.0,United Kingdom
536609,21068,VINTAGE BILLBOARD LOVE/HATE MUG,6,2010-12-02 09:41:00,1.06,17850.0,United Kingdom
536609,82483,WOOD 2 DRAWER CABINET WHITE FINISH,4,2010-12-02 09:41:00,4.95,17850.0,United Kingdom
536609,82486,WOOD S/3 CABINET ANT WHITE FINISH,4,2010-12-02 09:41:00,6.95,17850.0,United Kingdom
536609,82482,WOODEN PICTURE FRAME WHITE FINISH,6,2010-12-02 09:41:00,2.1,17850.0,United Kingdom
536609,82494L,WOODEN FRAME ANTIQUE WHITE ,6,2010-12-02 09:41:00,2.55,17850.0,United Kingdom
536609,22411,JUMBO SHOPPER VINTAGE RED PAISLEY,6,2010-12-02 09:41:00,1.65,17850.0,United Kingdom
536609,84029G,KNITTED UNION FLAG HOT WATER BOTTLE,6,2010-12-02 09:41:00,3.39,17850.0,United Kingdom
536609,84029E,RED WOOLLY HOTTIE WHITE HEART.,6,2010-12-02 09:41:00,3.39,17850.0,United Kingdom
536609,22752,SET 7 BABUSHKA NESTING BOXES,2,2010-12-02 09:41:00,7.65,17850.0,United Kingdom
536609,21730,GLASS STAR FROSTED T-LIGHT HOLDER,6,2010-12-02 09:41:00,4.25,17850.0,United Kingdom
536610,22632,HAND WARMER RED POLKA DOT,6,2010-12-02 09:42:00,1.85,17850.0,United Kingdom
536610,22633,HAND WARMER UNION JACK,6,2010-12-02 09:42:00,1.85,17850.0,United Kingdom
536611,22865,HAND WARMER OWL DESIGN,12,2010-12-02 09:43:00,2.1,15752.0,United Kingdom
536611,22866,HAND WARMER SCOTTY DOG DESIGN,12,2010-12-02 09:43:00,2.1,15752.0,United Kingdom
536611,22632,HAND WARMER RED RETROSPOT,24,2010-12-02 09:43:00,2.1,15752.0,United Kingdom
536611,22633,HAND WARMER UNION JACK,12,2010-12-02 09:43:00,2.1,15752.0,United Kingdom
536611,21790,VINTAGE SNAP CARDS,12,2010-12-02 09:43:00,0.85,15752.0,United Kingdom
536611,21889,WOODEN BOX OF DOMINOES,12,2010-12-02 09:43:00,1.25,15752.0,United Kingdom
536611,22549,PICTURE DOMINOES,12,2010-12-02 09:43:00,1.45,15752.0,United Kingdom
536611,84031A,CHARLIE+LOLA RED HOT WATER BOTTLE ,3,2010-12-02 09:43:00,4.65,15752.0,United Kingdom
536611,84032A,CHARLIE+LOLA PINK HOT WATER BOTTLE,6,2010-12-02 09:43:00,2.95,15752.0,United Kingdom
536611,62096A,PINK/YELLOW FLOWERS HANDBAG,6,2010-12-02 09:43:00,1.25,15752.0,United Kingdom
536611,85071D,CHARLIE+LOLA MY ROOM DOOR SIGN,6,2010-12-02 09:43:00,2.55,15752.0,United Kingdom
536611,21915,RED  HARMONICA IN BOX ,12,2010-12-02 09:43:00,1.25,15752.0,United Kingdom
536611,82580,BATHROOM METAL SIGN,12,2010-12-02 09:43:00,0.55,15752.0,United Kingdom
536611,21272,SALLE DE BAIN HOOK,12,2010-12-02 09:43:00,1.25,15752.0,United Kingdom
536612,85123A,WHITE HANGING HEART T-LIGHT HOLDER,6,2010-12-02 09:44:00,2.55,17850.0,United Kingdom
536612,71053,WHITE METAL LANTERN,6,2010-12-02 09:44:00,3.39,17850.0,United Kingdom
536612,84406B,CREAM CUPID HEARTS COAT HANGER,6,2010-12-02 09:44:00,2.75,17850.0,United Kingdom
536612,37370,RETRO COFFEE MUGS ASSORTED,6,2010-12-02 09:44:00,1.06,17850.0,United Kingdom
536612,21871,SAVE THE PLANET MUG,6,2010-12-02 09:44:00,1.06,17850.0,United Kingdom
536612,21071,VINTAGE BILLBOARD DRINK ME MUG,6,2010-12-02 09:44:00,1.06,17850.0,United Kingdom
536612,21068,VINTAGE BILLBOARD LOVE/HATE MUG,6,2010-12-02 09:44:00,1.06,17850.0,United Kingdom
536612,82483,WOOD 2 DRAWER CABINET WHITE FINISH,4,2010-12-02 09:44:00,4.95,17850.0,United Kingdom
536612,82486,WOOD S/3 CABINET ANT WHITE FINISH,2,2010-12-02 09:44:00,6.95,17850.0,United Kingdom
536612,82482,WOODEN PICTURE FRAME WHITE FINISH,6,2010-12-02 09:44:00,2.1,17850.0,United Kingdom
536612,82494L,WOODEN FRAME ANTIQUE WHITE ,6,2010-12-02 09:44:00,2.55,17850.0,United Kingdom
536612,22411,JUMBO SHOPPER VINTAGE RED PAISLEY,6,2010-12-02 09:44:00,1.65,17850.0,United Kingdom
536612,84029G,KNITTED UNION FLAG HOT WATER BOTTLE,6,2010-12-02 09:44:00,3.39,17850.0,United Kingdom
536612,84029E,RED WOOLLY HOTTIE WHITE HEART.,6,2010-12-02 09:44:00,3.39,17850.0,United Kingdom
536612,21730,GLASS STAR FROSTED T-LIGHT HOLDER,4,2010-12-02 09:44:00,4.25,17850.0,United Kingdom
536613,22149,FELTCRAFT 6 FLOWER FRIENDS,6,2010-12-02 09:44:00,2.1,17855.0,United Kingdom
536613,22818,CARD CHRISTMAS VILLAGE,12,2010-12-02 09:44:00,0.42,17855.0,United Kingdom
536613,22044,CHRISTMAS CARD STACK OF PRESENTS,12,2010-12-02 09:44:00,0.42,17855.0,United Kingdom
536613,21790,VINTAGE SNAP CARDS,12,2010-12-02 09:44:00,0.85,17855.0,United Kingdom
536613,22619,SET OF 6 SOLDIER SKITTLES,8,2010-12-02 09:44:00,3.75,17855.0,United Kingdom
536613,22620,4 TRADITIONAL SPINNING TOPS,12,2010-12-02 09:44:00,1.25,17855.0,United Kingdom
536613,21918,SET 12 KIDS COLOUR  CHALK STICKS,24,2010-12-02 09:44:00,0.42,17855.0,United Kingdom
536613,22544,MINI JIGSAW SPACEBOY,24,2010-12-02 09:44:00,0.42,17855.0,United Kingdom
536613,21791,VINTAGE HEADS AND TAILS CARD GAME ,12,2010-12-02 09:44:00,1.25,17855.0,United Kingdom
536613,22029,SPACEBOY BIRTHDAY CARD,12,2010-12-02 09:44:00,0.42,17855.0,United Kingdom
536613,22037,ROBOT BIRTHDAY CARD,12,2010-12-02 09:44:00,0.42,17855.0,United Kingdom
536613,22652,TRAVEL SEWING KIT,10,2010-12-02 09:44:00,1.65,17855.0,United Kingdom
536613,84836,ZINC METAL HEART DECORATION,12,2010-12-02 09:44:00,1.25,17855.0,United Kingdom
536613,22910,PAPER CHAIN KIT VINTAGE CHRISTMAS,6,2010-12-02 09:44:00,2.95,17855.0,United Kingdom
536613,22736,RIBBON REEL MAKING SNOWMEN ,10,2010-12-02 09:44:00,1.65,17855.0,United Kingdom
536613,21360,JOY LARGE WOOD LETTERS,1,2010-12-02 09:44:00,9.95,17855.0,United Kingdom
536613,22945,CHRISTMAS METAL TAGS ASSORTED ,12,2010-12-02 09:44:00,0.85,17855.0,United Kingdom
536614,22632,HAND WARMER RED POLKA DOT,6,2010-12-02 09:44:00,1.85,17850.0,United Kingdom
536614,22633,HAND WARMER UNION JACK,6,2010-12-02 09:44:00,1.85,17850.0,United Kingdom
536615,22367,CHILDRENS APRON SPACEBOY DESIGN,8,2010-12-02 10:09:00,1.95,14047.0,United Kingdom
536615,84077,WORLD WAR 2 GLIDERS ASSTD DESIGNS,48,2010-12-02 10:09:00,0.29,14047.0,United Kingdom
536615,22618,COOKING SET RETROSPOT,2,2010-12-02 10:09:00,9.95,14047.0,United Kingdom
536615,22752,SET 7 BABUSHKA NESTING BOXES,4,2010-12-02 10:09:00,8.5,14047.0,United Kingdom
536615,22837,HOT WATER BOTTLE BABUSHKA ,8,2010-12-02 10:09:00,4.65,14047.0,United Kingdom
536615,22634,CHILDS BREAKFAST SET SPACEBOY ,2,2010-12-02 10:09:00,9.95,14047.0,United Kingdom
536615,22898,CHILDRENS APRON APPLES DESIGN,8,2010-12-02 10:09:00,1.95,14047.0,United Kingdom
536615,22781,GUMBALL MAGAZINE RACK,2,2010-12-02 10:09:00,7.65,14047.0,United Kingdom
536615,22467,GUMBALL COAT RACK,12,2010-12-02 10:09:00,2.55,14047.0,United Kingdom
536615,84792,ENCHANTED BIRD COATHANGER 5 HOOK,8,2010-12-02 10:09:00,4.65,14047.0,United Kingdom
536615,21754,HOME BUILDING BLOCK WORD,3,2010-12-02 10:09:00,5.95,14047.0,United Kingdom
536615,22120,WELCOME  WOODEN BLOCK LETTERS,3,2010-12-02 10:09:00,9.95,14047.0,United Kingdom
536616,21137,BLACK RECORD COVER FRAME,72,2010-12-02 10:10:00,3.39,17925.0,United Kingdom
536617,21356,TOAST ITS - FAIRY FLOWER,12,2010-12-02 10:17:00,1.25,13941.0,United Kingdom
536617,21354,TOAST ITS - BEST MUM,12,2010-12-02 10:17:00,1.25,13941.0,United Kingdom
536617,79321,CHILLI LIGHTS,24,2010-12-02 10:17:00,4.25,13941.0,United Kingdom
536617,72741,GRAND CHOCOLATECANDLE,144,2010-12-02 10:17:00,1.25,13941.0,United Kingdom
536617,22179,SET 10 LIGHTS NIGHT OWL,24,2010-12-02 10:17:00,5.95,13941.0,United Kingdom
536617,85116,BLACK CANDELABRA T-LIGHT HOLDER,96,2010-12-02 10:17:00,0.65,13941.0,United Kingdom
536617,21125,SET 6 FOOTBALL CELEBRATION CANDLES,12,2010-12-02 10:17:00,1.25,13941.0,United Kingdom
536617,85175,CACTI T-LIGHT CANDLES,96,2010-12-02 10:17:00,0.42,13941.0,United Kingdom
536617,79302M,"ART LIGHTS,FUNK MONKEY",20,2010-12-02 10:17:00,2.55,13941.0,United Kingdom
536617,20893,HANGING BAUBLE T-LIGHT HOLDER SMALL,108,2010-12-02 10:17:00,2.1,13941.0,United Kingdom
536617,21743,STAR PORTABLE TABLE LIGHT ,96,2010-12-02 10:17:00,2.55,13941.0,United Kingdom
536618,20975,12 PENCILS SMALL TUBE RED RETROSPOT,24,2010-12-02 10:17:00,0.65,17017.0,United Kingdom
536618,21592,RETROSPOT CIGAR BOX MATCHES ,24,2010-12-02 10:17:00,1.25,17017.0,United Kingdom
536618,22551,PLASTERS IN TIN SPACEBOY,24,2010-12-02 10:17:00,1.65,17017.0,United Kingdom
536618,22555,PLASTERS IN TIN STRONGMAN,24,2010-12-02 10:17:00,1.65,17017.0,United Kingdom
536618,22556,PLASTERS IN TIN CIRCUS PARADE ,24,2010-12-02 10:17:00,1.65,17017.0,United Kingdom
536618,22197,SMALL POPCORN HOLDER,48,2010-12-02 10:17:00,0.85,17017.0,United Kingdom
536618,22198,LARGE POPCORN HOLDER ,24,2010-12-02 10:17:00,1.65,17017.0,United Kingdom
536618,22418,10 COLOUR SPACEBOY PEN,24,2010-12-02 10:17:00,0.85,17017.0,United Kingdom
536618,21791,VINTAGE HEADS AND TAILS CARD GAME ,24,2010-12-02 10:17:00,1.25,17017.0,United Kingdom
536618,21914,BLUE HARMONICA IN BOX ,36,2010-12-02 10:17:00,1.25,17017.0,United Kingdom
536618,21915,RED  HARMONICA IN BOX ,24,2010-12-02 10:17:00,1.25,17017.0,United Kingdom
536618,22440,BALLOON WATER BOMB PACK OF 35,40,2010-12-02 10:17:00,0.42,17017.0,United Kingdom
536618,22434,BALLOON PUMP WITH 10 BALLOONS,16,2010-12-02 10:17:00,1.95,17017.0,United Kingdom
536618,22466,FAIRY TALE COTTAGE NIGHTLIGHT,24,2010-12-02 10:17:00,1.95,17017.0,United Kingdom
536618,22564,ALPHABET STENCIL CRAFT,12,2010-12-02 10:17:00,1.25,17017.0,United Kingdom
536618,84077,WORLD WAR 2 GLIDERS ASSTD DESIGNS,48,2010-12-02 10:17:00,0.29,17017.0,United Kingdom
536618,84375,SET OF 20 KIDS COOKIE CUTTERS,12,2010-12-02 10:17:00,2.1,17017.0,United Kingdom
536618,22909,SET OF 20 VINTAGE CHRISTMAS NAPKINS,36,2010-12-02 10:17:00,0.85,17017.0,United Kingdom
536618,22910,PAPER CHAIN KIT VINTAGE CHRISTMAS,40,2010-12-02 10:17:00,2.55,17017.0,United Kingdom
536618,22943,CHRISTMAS LIGHTS 10 VINTAGE BAUBLES,24,2010-12-02 10:17:00,4.25,17017.0,United Kingdom
536618,22952,60 CAKE CASES VINTAGE CHRISTMAS,48,2010-12-02 10:17:00,0.55,17017.0,United Kingdom
536619,22960,JAM MAKING SET WITH JARS,12,2010-12-02 10:18:00,3.75,17017.0,United Kingdom
536619,22961,JAM MAKING SET PRINTED,36,2010-12-02 10:18:00,1.45,17017.0,United Kingdom
536620,22965,3 TRADITIONAl BISCUIT CUTTERS  SET,6,2010-12-02 10:27:00,2.1,14135.0,United Kingdom
536620,21215,IVORY PAPER CUP CAKE CASES ,120,2010-12-02 10:27:00,0.42,14135.0,United Kingdom
536620,21212,PACK OF 72 RETROSPOT CAKE CASES,120,2010-12-02 10:27:00,0.42,14135.0,United Kingdom
536620,21977,PACK OF 60 PINK PAISLEY CAKE CASES,120,2010-12-02 10:27:00,0.42,14135.0,United Kingdom
536620,84991,60 TEATIME FAIRY CAKE CASES,120,2010-12-02 10:27:00,0.42,14135.0,United Kingdom
536620,22961,JAM MAKING SET PRINTED,12,2010-12-02 10:27:00,1.45,14135.0,United Kingdom
536620,22744,MAKE YOUR OWN MONSOON CARD KIT,6,2010-12-02 10:27:00,2.95,14135.0,United Kingdom
536620,22743,MAKE YOUR OWN FLOWERPOWER CARD KIT,6,2010-12-02 10:27:00,2.95,14135.0,United Kingdom
536620,85049E,SCANDINAVIAN REDS RIBBONS,12,2010-12-02 10:27:00,1.25,14135.0,United Kingdom
536620,85049G,CHOCOLATE BOX RIBBONS ,12,2010-12-02 10:27:00,1.25,14135.0,United Kingdom
536620,21328,BALLOONS  WRITING SET ,12,2010-12-02 10:27:00,1.65,14135.0,United Kingdom
536620,21058,PARTY INVITES WOODLAND,12,2010-12-02 10:27:00,0.85,14135.0,United Kingdom
536620,21060,PARTY INVITES BALLOON GIRL,12,2010-12-02 10:27:00,0.85,14135.0,United Kingdom
536620,21061,PARTY INVITES FOOTBALL,12,2010-12-02 10:27:00,0.85,14135.0,United Kingdom
536620,21062,PARTY INVITES SPACEMAN,12,2010-12-02 10:27:00,0.85,14135.0,United Kingdom
536620,21719,LOVELY BONBON STICKER SHEET,12,2010-12-02 10:27:00,0.85,14135.0,United Kingdom
536620,21722,SWEET PUDDING STICKER SHEET,12,2010-12-02 10:27:00,0.85,14135.0,United Kingdom
536620,21724,PANDA AND BUNNIES STICKER SHEET,12,2010-12-02 10:27:00,0.85,14135.0,United Kingdom
536620,84826,ASSTD DESIGN 3D PAPER STICKERS,60,2010-12-02 10:27:00,0.85,14135.0,United Kingdom
536620,21883,STARS GIFT TAPE ,24,2010-12-02 10:27:00,0.65,14135.0,United Kingdom
536620,21881,CUTE CATS TAPE,12,2010-12-02 10:27:00,0.65,14135.0,United Kingdom
536620,21880,RED RETROSPOT TAPE,12,2010-12-02 10:27:00,0.65,14135.0,United Kingdom
536620,22943,CHRISTMAS LIGHTS 10 VINTAGE BAUBLES,3,2010-12-02 10:27:00,4.95,14135.0,United Kingdom
536621,22549,PICTURE DOMINOES,24,2010-12-02 10:35:00,1.45,13108.0,United Kingdom
536621,22492,MINI PAINT SET VINTAGE ,72,2010-12-02 10:35:00,0.65,13108.0,United Kingdom
536621,10135,COLOURING PENCILS BROWN TUBE,10,2010-12-02 10:35:00,1.25,13108.0,United Kingdom
536621,22422,TOOTHPASTE TUBE PEN,12,2010-12-02 10:35:00,0.65,13108.0,United Kingdom
536621,21790,VINTAGE SNAP CARDS,48,2010-12-02 10:35:00,0.85,13108.0,United Kingdom
536621,22536,MAGIC DRAWING SLATE PURDEY,48,2010-12-02 10:35:00,0.42,13108.0,United Kingdom
536621,22561,WOODEN SCHOOL COLOURING SET,12,2010-12-02 10:35:00,1.65,13108.0,United Kingdom
536621,22752,SET 7 BABUSHKA NESTING BOXES,12,2010-12-02 10:35:00,8.5,13108.0,United Kingdom
536621,21791,VINTAGE HEADS AND TAILS CARD GAME ,36,2010-12-02 10:35:00,1.25,13108.0,United Kingdom
536621,22491,PACK OF 12 COLOURED PENCILS,24,2010-12-02 10:35:00,0.85,13108.0,United Kingdom
C536622,22752,SET 7 BABUSHKA NESTING BOXES,-2,2010-12-02 10:37:00,8.5,12471.0,Germany
536623,21355,TOAST ITS - I LOVE YOU ,24,2010-12-02 10:39:00,1.25,15601.0,United Kingdom
536623,21756,BATH BUILDING BLOCK WORD,6,2010-12-02 10:39:00,5.95,15601.0,United Kingdom
536623,21518,BANK ACCOUNT  GREETING  CARD ,12,2010-12-02 10:39:00,0.42,15601.0,United Kingdom
536623,21520,BOOZE & WOMEN GREETING CARD ,12,2010-12-02 10:39:00,0.42,15601.0,United Kingdom
536623,21506,"FANCY FONT BIRTHDAY CARD, ",12,2010-12-02 10:39:00,0.42,15601.0,United Kingdom
536623,22023,EMPIRE BIRTHDAY CARD,12,2010-12-02 10:39:00,0.42,15601.0,United Kingdom
536623,21519,GIN & TONIC DIET GREETING CARD ,12,2010-12-02 10:39:00,0.42,15601.0,United Kingdom
536623,22037,ROBOT BIRTHDAY CARD,12,2010-12-02 10:39:00,0.42,15601.0,United Kingdom
536623,22029,SPACEBOY BIRTHDAY CARD,12,2010-12-02 10:39:00,0.42,15601.0,United Kingdom
536623,22030,SWALLOWS GREETING CARD,12,2010-12-02 10:39:00,0.42,15601.0,United Kingdom
536623,22027,TEA PARTY BIRTHDAY CARD,12,2010-12-02 10:39:00,0.42,15601.0,United Kingdom
536623,22983,CARD BILLBOARD FONT,24,2010-12-02 10:39:00,0.42,15601.0,United Kingdom
536623,22718,CARD CAT AND TREE ,24,2010-12-02 10:39:00,0.42,15601.0,United Kingdom
536623,22717,CARD DOG AND BALL ,12,2010-12-02 10:39:00,0.42,15601.0,United Kingdom
536623,22712,CARD DOLLY GIRL ,24,2010-12-02 10:39:00,0.42,15601.0,United Kingdom
536623,22028,PENNY FARTHING BIRTHDAY CARD,12,2010-12-02 10:39:00,0.42,15601.0,United Kingdom
536623,22815,CARD PSYCHEDELIC APPLES,24,2010-12-02 10:39:00,0.42,15601.0,United Kingdom
536623,72818,CHRISTMAS DECOUPAGE CANDLE,24,2010-12-02 10:39:00,0.85,15601.0,United Kingdom
536623,22697,GREEN REGENCY TEACUP AND SAUCER,12,2010-12-02 10:39:00,2.95,15601.0,United Kingdom
536623,21670,BLUE SPOT CERAMIC DRAWER KNOB,12,2010-12-02 10:39:00,1.25,15601.0,United Kingdom
536623,21669,BLUE STRIPE CERAMIC DRAWER KNOB,12,2010-12-02 10:39:00,1.25,15601.0,United Kingdom
536623,21671,RED SPOT CERAMIC DRAWER KNOB,12,2010-12-02 10:39:00,1.25,15601.0,United Kingdom
536623,21673,WHITE SPOT BLUE CERAMIC DRAWER KNOB,12,2010-12-02 10:39:00,1.25,15601.0,United Kingdom
536623,21672,WHITE SPOT RED CERAMIC DRAWER KNOB,12,2010-12-02 10:39:00,1.25,15601.0,United Kingdom
536623,22771,CLEAR DRAWER KNOB ACRYLIC EDWARDIAN,12,2010-12-02 10:39:00,1.25,15601.0,United Kingdom
536623,22775,PURPLE DRAWERKNOB ACRYLIC EDWARDIAN,12,2010-12-02 10:39:00,1.25,15601.0,United Kingdom
536623,22772,PINK DRAWER KNOB ACRYLIC EDWARDIAN,12,2010-12-02 10:39:00,1.25,15601.0,United Kingdom
536623,22774,RED DRAWER KNOB ACRYLIC EDWARDIAN,12,2010-12-02 10:39:00,1.25,15601.0,United Kingdom
536623,48185,DOORMAT FAIRY CAKE,4,2010-12-02 10:39:00,7.95,15601.0,United Kingdom
536623,48187,DOORMAT NEW ENGLAND,4,2010-12-02 10:39:00,7.95,15601.0,United Kingdom
536623,82494L,WOODEN FRAME ANTIQUE WHITE ,12,2010-12-02 10:39:00,2.95,15601.0,United Kingdom
536623,22245,"HOOK, 1 HANGER ,MAGIC GARDEN",24,2010-12-02 10:39:00,0.85,15601.0,United Kingdom
536623,84755,COLOUR GLASS T-LIGHT HOLDER HANGING,32,2010-12-02 10:39:00,0.65,15601.0,United Kingdom
536623,22460,EMBOSSED GLASS TEALIGHT HOLDER,24,2010-12-02 10:39:00,1.25,15601.0,United Kingdom
536623,84970L,SINGLE HEART ZINC T-LIGHT HOLDER,24,2010-12-02 10:39:00,0.95,15601.0,United Kingdom
536623,22432,WATERING CAN PINK BUNNY,6,2010-12-02 10:39:00,1.95,15601.0,United Kingdom
536623,22433,WATERING CAN GREEN DINOSAUR,6,2010-12-02 10:39:00,1.95,15601.0,United Kingdom
536623,22431,WATERING CAN BLUE ELEPHANT,6,2010-12-02 10:39:00,1.95,15601.0,United Kingdom
536623,84674,FLYING PIG WATERING CAN,6,2010-12-02 10:39:00,2.95,15601.0,United Kingdom
536623,82486,WOOD S/3 CABINET ANT WHITE FINISH,4,2010-12-02 10:39:00,7.95,15601.0,United Kingdom
536623,82483,WOOD 2 DRAWER CABINET WHITE FINISH,4,2010-12-02 10:39:00,5.95,15601.0,United Kingdom
536623,21068,VINTAGE BILLBOARD LOVE/HATE MUG,12,2010-12-02 10:39:00,1.25,15601.0,United Kingdom
536623,21069,VINTAGE BILLBOARD TEA MUG,12,2010-12-02 10:39:00,1.25,15601.0,United Kingdom
536623,21070,VINTAGE BILLBOARD MUG ,12,2010-12-02 10:39:00,1.25,15601.0,United Kingdom
536623,22972,CHILDREN'S SPACEBOY MUG,12,2010-12-02 10:39:00,1.65,15601.0,United Kingdom
536623,22974,CHILDRENS DOLLY GIRL MUG,12,2010-12-02 10:39:00,1.65,15601.0,United Kingdom
536623,22419,LIPSTICK PEN RED,36,2010-12-02 10:39:00,0.42,15601.0,United Kingdom
536623,21071,VINTAGE BILLBOARD DRINK ME MUG,12,2010-12-02 10:39:00,1.25,15601.0,United Kingdom
536624,22676,FRENCH BLUE METAL DOOR SIGN 1,10,2010-12-02 10:45:00,1.25,13418.0,United Kingdom
536624,22727,ALARM CLOCK BAKELIKE RED ,24,2010-12-02 10:45:00,3.75,13418.0,United Kingdom
536624,22726,ALARM CLOCK BAKELIKE GREEN,24,2010-12-02 10:45:00,3.75,13418.0,United Kingdom
536624,22730,ALARM CLOCK BAKELIKE IVORY,8,2010-12-02 10:45:00,3.75,13418.0,United Kingdom
536624,22725,ALARM CLOCK BAKELIKE CHOCOLATE,8,2010-12-02 10:45:00,3.75,13418.0,United Kingdom
536624,22672,FRENCH BATHROOM SIGN BLUE METAL,12,2010-12-02 10:45:00,1.65,13418.0,United Kingdom
536624,22109,FULL ENGLISH BREAKFAST PLATE,16,2010-12-02 10:45:00,3.39,13418.0,United Kingdom
536624,22925,BLUE GIANT GARDEN THERMOMETER,2,2010-12-02 10:45:00,5.95,13418.0,United Kingdom
536624,22926,IVORY GIANT GARDEN THERMOMETER,2,2010-12-02 10:45:00,5.95,13418.0,United Kingdom
536624,22927,GREEN GIANT GARDEN THERMOMETER,2,2010-12-02 10:45:00,5.95,13418.0,United Kingdom
536624,22699,ROSES REGENCY TEACUP AND SAUCER ,6,2010-12-02 10:45:00,2.95,13418.0,United Kingdom
536624,20914,SET/5 RED RETROSPOT LID GLASS BOWLS,6,2010-12-02 10:45:00,2.95,13418.0,United Kingdom
536624,21212,PACK OF 72 RETROSPOT CAKE CASES,24,2010-12-02 10:45:00,0.55,13418.0,United Kingdom
536624,21843,RED RETROSPOT CAKE STAND,4,2010-12-02 10:45:00,10.95,13418.0,United Kingdom
536624,21588,RETROSPOT GIANT TUBE MATCHES,12,2010-12-02 10:45:00,2.55,13418.0,United Kingdom
536624,21584,RETROSPOT SMALL TUBE MATCHES,20,2010-12-02 10:45:00,1.65,13418.0,United Kingdom
536624,22568,FELTCRAFT CUSHION OWL,4,2010-12-02 10:45:00,3.75,13418.0,United Kingdom
536624,22569,FELTCRAFT CUSHION BUTTERFLY,4,2010-12-02 10:45:00,3.75,13418.0,United Kingdom
536624,22570,FELTCRAFT CUSHION RABBIT,4,2010-12-02 10:45:00,3.75,13418.0,United Kingdom
536624,21914,BLUE HARMONICA IN BOX ,12,2010-12-02 10:45:00,1.25,13418.0,United Kingdom
536624,21915,RED  HARMONICA IN BOX ,12,2010-12-02 10:45:00,1.25,13418.0,United Kingdom
536624,22549,PICTURE DOMINOES,12,2010-12-02 10:45:00,1.45,13418.0,United Kingdom
536626,22965,3 TRADITIONAl BISCUIT CUTTERS  SET,6,2010-12-02 10:46:00,2.1,13418.0,United Kingdom
C536625,22839,3 TIER CAKE TIN GREEN AND CREAM,-2,2010-12-02 10:46:00,14.95,14766.0,United Kingdom
536627,22927,GREEN GIANT GARDEN THERMOMETER,2,2010-12-02 10:53:00,5.95,15658.0,United Kingdom
536627,22928,YELLOW GIANT GARDEN THERMOMETER,2,2010-12-02 10:53:00,5.95,15658.0,United Kingdom
536627,22926,IVORY GIANT GARDEN THERMOMETER,2,2010-12-02 10:53:00,5.95,15658.0,United Kingdom
536627,22776,"CAKESTAND, 3 TIER, LOVEHEART",2,2010-12-02 10:53:00,9.95,15658.0,United Kingdom
536627,22778,GLASS BELL JAR SMALL,4,2010-12-02 10:53:00,3.95,15658.0,United Kingdom
536627,22777,GLASS BELL JAR LARGE,2,2010-12-02 10:53:00,8.5,15658.0,United Kingdom
536627,22783,SET 3 WICKER OVAL BASKETS W LIDS,1,2010-12-02 10:53:00,19.95,15658.0,United Kingdom
536627,22941,CHRISTMAS LIGHTS 10 REINDEER,2,2010-12-02 10:53:00,8.5,15658.0,United Kingdom
536627,21756,BATH BUILDING BLOCK WORD,3,2010-12-02 10:53:00,5.95,15658.0,United Kingdom
536627,22961,JAM MAKING SET PRINTED,12,2010-12-02 10:53:00,1.45,15658.0,United Kingdom
536627,22423,REGENCY CAKESTAND 3 TIER,4,2010-12-02 10:53:00,12.75,15658.0,United Kingdom
536627,22697,GREEN REGENCY TEACUP AND SAUCER,12,2010-12-02 10:53:00,2.95,15658.0,United Kingdom
536627,22699,ROSES REGENCY TEACUP AND SAUCER ,12,2010-12-02 10:53:00,2.95,15658.0,United Kingdom
536627,21755,LOVE BUILDING BLOCK WORD,4,2010-12-02 10:53:00,5.95,15658.0,United Kingdom
536628,85123A,WHITE HANGING HEART T-LIGHT HOLDER,6,2010-12-02 10:54:00,2.55,17850.0,United Kingdom
536628,71053,WHITE METAL LANTERN,6,2010-12-02 10:54:00,3.39,17850.0,United Kingdom
536628,84406B,CREAM CUPID HEARTS COAT HANGER,6,2010-12-02 10:54:00,2.75,17850.0,United Kingdom
536628,37370,RETRO COFFEE MUGS ASSORTED,6,2010-12-02 10:54:00,1.06,17850.0,United Kingdom
536628,21871,SAVE THE PLANET MUG,6,2010-12-02 10:54:00,1.06,17850.0,United Kingdom
536628,21071,VINTAGE BILLBOARD DRINK ME MUG,6,2010-12-02 10:54:00,1.06,17850.0,United Kingdom
536628,21068,VINTAGE BILLBOARD LOVE/HATE MUG,6,2010-12-02 10:54:00,1.06,17850.0,United Kingdom
536628,82483,WOOD 2 DRAWER CABINET WHITE FINISH,4,2010-12-02 10:54:00,4.95,17850.0,United Kingdom
536628,82486,WOOD S/3 CABINET ANT WHITE FINISH,2,2010-12-02 10:54:00,6.95,17850.0,United Kingdom
536628,82482,WOODEN PICTURE FRAME WHITE FINISH,6,2010-12-02 10:54:00,2.1,17850.0,United Kingdom
536628,82494L,WOODEN FRAME ANTIQUE WHITE ,6,2010-12-02 10:54:00,2.55,17850.0,United Kingdom
536628,22411,JUMBO SHOPPER VINTAGE RED PAISLEY,6,2010-12-02 10:54:00,1.65,17850.0,United Kingdom
536628,84029G,KNITTED UNION FLAG HOT WATER BOTTLE,6,2010-12-02 10:54:00,3.39,17850.0,United Kingdom
536628,84029E,RED WOOLLY HOTTIE WHITE HEART.,6,2010-12-02 10:54:00,3.39,17850.0,United Kingdom
536628,22752,SET 7 BABUSHKA NESTING BOXES,2,2010-12-02 10:54:00,7.65,17850.0,United Kingdom
536628,21730,GLASS STAR FROSTED T-LIGHT HOLDER,6,2010-12-02 10:54:00,4.25,17850.0,United Kingdom
536629,22632,HAND WARMER RED POLKA DOT,6,2010-12-02 10:55:00,1.85,17850.0,United Kingdom
536629,22633,HAND WARMER UNION JACK,6,2010-12-02 10:55:00,1.85,17850.0,United Kingdom
536630,85123A,WHITE HANGING HEART T-LIGHT HOLDER,6,2010-12-02 10:56:00,2.55,17850.0,United Kingdom
536630,71053,WHITE METAL LANTERN,6,2010-12-02 10:56:00,3.39,17850.0,United Kingdom
536630,84406B,CREAM CUPID HEARTS COAT HANGER,6,2010-12-02 10:56:00,2.75,17850.0,United Kingdom
536630,37370,RETRO COFFEE MUGS ASSORTED,6,2010-12-02 10:56:00,1.06,17850.0,United Kingdom
536630,21871,SAVE THE PLANET MUG,6,2010-12-02 10:56:00,1.06,17850.0,United Kingdom
536630,21071,VINTAGE BILLBOARD DRINK ME MUG,6,2010-12-02 10:56:00,1.06,17850.0,United Kingdom
536630,21068,VINTAGE BILLBOARD LOVE/HATE MUG,6,2010-12-02 10:56:00,1.06,17850.0,United Kingdom
536630,82483,WOOD 2 DRAWER CABINET WHITE FINISH,4,2010-12-02 10:56:00,4.95,17850.0,United Kingdom
536630,82486,WOOD S/3 CABINET ANT WHITE FINISH,4,2010-12-02 10:56:00,6.95,17850.0,United Kingdom
536630,82482,WOODEN PICTURE FRAME WHITE FINISH,6,2010-12-02 10:56:00,2.1,17850.0,United Kingdom
536630,82494L,WOODEN FRAME ANTIQUE WHITE ,6,2010-12-02 10:56:00,2.55,17850.0,United Kingdom
536630,22411,JUMBO SHOPPER VINTAGE RED PAISLEY,6,2010-12-02 10:56:00,1.65,17850.0,United Kingdom
536630,84029G,KNITTED UNION FLAG HOT WATER BOTTLE,6,2010-12-02 10:56:00,3.39,17850.0,United Kingdom
536630,84029E,RED WOOLLY HOTTIE WHITE HEART.,6,2010-12-02 10:56:00,3.39,17850.0,United Kingdom
536630,22752,SET 7 BABUSHKA NESTING BOXES,2,2010-12-02 10:56:00,7.65,17850.0,United Kingdom
536630,21730,GLASS STAR FROSTED T-LIGHT HOLDER,6,2010-12-02 10:56:00,4.25,17850.0,United Kingdom
536631,22632,HAND WARMER RED POLKA DOT,6,2010-12-02 10:58:00,1.85,17850.0,United Kingdom
536631,22633,HAND WARMER UNION JACK,6,2010-12-02 10:58:00,1.85,17850.0,United Kingdom
536632,21931,JUMBO STORAGE BAG SUKI,10,2010-12-02 11:02:00,1.95,14388.0,United Kingdom
536632,85099B,JUMBO BAG RED RETROSPOT,10,2010-12-02 11:02:00,1.95,14388.0,United Kingdom
536632,22386,JUMBO BAG PINK POLKADOT,10,2010-12-02 11:02:00,1.95,14388.0,United Kingdom
536632,22477,WATERING CAN GARDEN MARKER,10,2010-12-02 11:02:00,1.25,14388.0,United Kingdom
536632,21875,KINGS CHOICE MUG,12,2010-12-02 11:02:00,1.25,14388.0,United Kingdom
536632,37370,RETRO COFFEE MUGS ASSORTED,12,2010-12-02 11:02:00,1.25,14388.0,United Kingdom
536632,21479,WHITE SKULL HOT WATER BOTTLE ,4,2010-12-02 11:02:00,3.75,14388.0,United Kingdom
536632,21484,CHICK GREY HOT WATER BOTTLE,4,2010-12-02 11:02:00,3.45,14388.0,United Kingdom
536632,21485,RETROSPOT HEART HOT WATER BOTTLE,3,2010-12-02 11:02:00,4.95,14388.0,United Kingdom
536632,22111,SCOTTIE DOG HOT WATER BOTTLE,3,2010-12-02 11:02:00,4.95,14388.0,United Kingdom
536632,22837,HOT WATER BOTTLE BABUSHKA ,4,2010-12-02 11:02:00,4.65,14388.0,United Kingdom
536632,22812,PACK 3 BOXES CHRISTMAS PANNETONE,12,2010-12-02 11:02:00,1.95,14388.0,United Kingdom
536632,22739,RIBBON REEL CHRISTMAS SOCK BAUBLE,10,2010-12-02 11:02:00,1.65,14388.0,United Kingdom
536632,22924,FRIDGE MAGNETS LA VIE EN ROSE,12,2010-12-02 11:02:00,0.85,14388.0,United Kingdom
536632,22923,FRIDGE MAGNETS LES ENFANTS ASSORTED,12,2010-12-02 11:02:00,0.85,14388.0,United Kingdom
536632,22961,JAM MAKING SET PRINTED,12,2010-12-02 11:02:00,1.45,14388.0,United Kingdom
536632,22964,3 PIECE SPACEBOY COOKIE CUTTER SET,6,2010-12-02 11:02:00,2.1,14388.0,United Kingdom
536632,22988,SOLDIERS EGG CUP ,12,2010-12-02 11:02:00,1.25,14388.0,United Kingdom
536632,21843,RED RETROSPOT CAKE STAND,1,2010-12-02 11:02:00,10.95,14388.0,United Kingdom
536632,21217,RED RETROSPOT ROUND CAKE TINS,1,2010-12-02 11:02:00,9.95,14388.0,United Kingdom
536632,79066K,RETRO MOD TRAY,10,2010-12-02 11:02:00,0.85,14388.0,United Kingdom
536633,22952,60 CAKE CASES VINTAGE CHRISTMAS,24,2010-12-02 11:20:00,0.55,14901.0,United Kingdom
536633,22301,COFFEE MUG CAT + BIRD DESIGN,1,2010-12-02 11:20:00,2.55,14901.0,United Kingdom
536633,22960,JAM MAKING SET WITH JARS,6,2010-12-02 11:20:00,4.25,14901.0,United Kingdom
536633,22446,PIN CUSHION BABUSHKA PINK,3,2010-12-02 11:20:00,3.35,14901.0,United Kingdom
536633,22086,PAPER CHAIN KIT 50'S CHRISTMAS ,10,2010-12-02 11:20:00,2.95,14901.0,United Kingdom
536633,22961,JAM MAKING SET PRINTED,6,2010-12-02 11:20:00,1.45,14901.0,United Kingdom
536633,22728,ALARM CLOCK BAKELIKE PINK,4,2010-12-02 11:20:00,3.75,14901.0,United Kingdom
536633,22730,ALARM CLOCK BAKELIKE IVORY,4,2010-12-02 11:20:00,3.75,14901.0,United Kingdom
536633,84380,SET OF 3 BUTTERFLY COOKIE CUTTERS,6,2010-12-02 11:20:00,1.25,14901.0,United Kingdom
536633,22832,BROCANTE SHELF WITH HOOKS,4,2010-12-02 11:20:00,10.75,14901.0,United Kingdom
536633,22926,IVORY GIANT GARDEN THERMOMETER,1,2010-12-02 11:20:00,5.95,14901.0,United Kingdom
536633,22920,HERB MARKER BASIL,2,2010-12-02 11:20:00,0.65,14901.0,United Kingdom
536633,22916,HERB MARKER THYME,2,2010-12-02 11:20:00,0.65,14901.0,United Kingdom
536633,22919,HERB MARKER MINT,2,2010-12-02 11:20:00,0.65,14901.0,United Kingdom
536633,22917,HERB MARKER ROSEMARY,2,2010-12-02 11:20:00,0.65,14901.0,United Kingdom
536633,22921,HERB MARKER CHIVES ,2,2010-12-02 11:20:00,0.65,14901.0,United Kingdom
536633,22918,HERB MARKER PARSLEY,2,2010-12-02 11:20:00,0.65,14901.0,United Kingdom
536633,22909,SET OF 20 VINTAGE CHRISTMAS NAPKINS,24,2010-12-02 11:20:00,0.85,14901.0,United Kingdom
536634,22457,NATURAL SLATE HEART CHALKBOARD ,4,2010-12-02 11:21:00,2.95,18041.0,United Kingdom
536634,20674,GREEN POLKADOT BOWL,12,2010-12-02 11:21:00,1.25,18041.0,United Kingdom
536634,20676,RED RETROSPOT BOWL,12,2010-12-02 11:21:00,1.25,18041.0,United Kingdom
536634,20727,LUNCH BAG  BLACK SKULL.,20,2010-12-02 11:21:00,1.65,18041.0,United Kingdom
536634,82582,AREA PATROLLED METAL SIGN,1,2010-12-02 11:21:00,2.1,18041.0,United Kingdom
536634,21181,PLEASE ONE PERSON METAL SIGN,2,2010-12-02 11:21:00,2.1,18041.0,United Kingdom
536634,22900, SET 2 TEA TOWELS I LOVE LONDON ,1,2010-12-02 11:21:00,2.95,18041.0,United Kingdom
536634,82494L,WOODEN FRAME ANTIQUE WHITE ,2,2010-12-02 11:21:00,2.95,18041.0,United Kingdom
536634,21967,PACK OF 12 SKULL TISSUES,12,2010-12-02 11:21:00,0.29,18041.0,United Kingdom
536634,22170,PICTURE FRAME WOOD TRIPLE PORTRAIT,3,2010-12-02 11:21:00,6.75,18041.0,United Kingdom
536634,21210,SET OF 72 RETROSPOT PAPER  DOILIES,2,2010-12-02 11:21:00,1.45,18041.0,United Kingdom
536634,21679,SKULLS  STICKERS,30,2010-12-02 11:21:00,0.85,18041.0,United Kingdom
536634,22094,RED RETROSPOT TISSUE BOX,6,2010-12-02 11:21:00,1.25,18041.0,United Kingdom
536634,21080,SET/20 RED RETROSPOT PAPER NAPKINS ,52,2010-12-02 11:21:00,0.85,18041.0,United Kingdom
536635,21429,RED GINGHAM ROSE JEWELLERY BOX,16,2010-12-02 11:22:00,1.65,15955.0,United Kingdom
536635,21428,SET3 BOOK BOX GREEN GINGHAM FLOWER ,8,2010-12-02 11:22:00,4.25,15955.0,United Kingdom
536635,22961,JAM MAKING SET PRINTED,12,2010-12-02 11:22:00,1.45,15955.0,United Kingdom
536635,84375,SET OF 20 KIDS COOKIE CUTTERS,12,2010-12-02 11:22:00,2.1,15955.0,United Kingdom
536635,21877,HOME SWEET HOME MUG,12,2010-12-02 11:22:00,1.25,15955.0,United Kingdom
536635,21870,I CAN ONLY PLEASE ONE PERSON MUG,12,2010-12-02 11:22:00,1.25,15955.0,United Kingdom
536635,21868,POTTING SHED TEA MUG,12,2010-12-02 11:22:00,1.25,15955.0,United Kingdom
536635,85150,LADIES & GENTLEMEN METAL SIGN,12,2010-12-02 11:22:00,2.55,15955.0,United Kingdom
536635,85152,HAND OVER THE CHOCOLATE   SIGN ,12,2010-12-02 11:22:00,2.1,15955.0,United Kingdom
536635,21181,PLEASE ONE PERSON METAL SIGN,12,2010-12-02 11:22:00,2.1,15955.0,United Kingdom
536635,22441,GROW YOUR OWN BASIL IN ENAMEL MUG,8,2010-12-02 11:22:00,2.1,15955.0,United Kingdom
536635,22840,ROUND CAKE TIN VINTAGE RED,4,2010-12-02 11:22:00,7.95,15955.0,United Kingdom
536635,22502,PICNIC BASKET WICKER SMALL,8,2010-12-02 11:22:00,5.95,15955.0,United Kingdom
536635,22855,FINE WICKER HEART ,48,2010-12-02 11:22:00,1.06,15955.0,United Kingdom
536635,21754,HOME BUILDING BLOCK WORD,6,2010-12-02 11:22:00,5.95,15955.0,United Kingdom
536635,22557,PLASTERS IN TIN VINTAGE PAISLEY ,12,2010-12-02 11:22:00,1.65,15955.0,United Kingdom
536635,22759,SET OF 3 NOTEBOOKS IN PARCEL,12,2010-12-02 11:22:00,1.65,15955.0,United Kingdom
536635,84029E,RED WOOLLY HOTTIE WHITE HEART.,8,2010-12-02 11:22:00,3.75,15955.0,United Kingdom
536635,22114,HOT WATER BOTTLE TEA AND SYMPATHY,8,2010-12-02 11:22:00,3.95,15955.0,United Kingdom
536635,22112,CHOCOLATE HOT WATER BOTTLE,12,2010-12-02 11:22:00,4.95,15955.0,United Kingdom
536636,22086,PAPER CHAIN KIT 50'S CHRISTMAS ,36,2010-12-02 11:23:00,2.95,15070.0,United Kingdom
536637,22198,LARGE POPCORN HOLDER ,2,2010-12-02 11:35:00,1.65,18041.0,United Kingdom
536637,22130,PARTY CONE CHRISTMAS DECORATION ,12,2010-12-02 11:35:00,0.85,18041.0,United Kingdom
536637,79191C,RETRO PLASTIC ELEPHANT TRAY,1,2010-12-02 11:35:00,0.85,18041.0,United Kingdom
536637,20733,GOLD MINI TAPE MEASURE ,1,2010-12-02 11:35:00,0.85,18041.0,United Kingdom
536637,22867,HAND WARMER BIRD DESIGN,1,2010-12-02 11:35:00,2.1,18041.0,United Kingdom
536637,22633,HAND WARMER UNION JACK,2,2010-12-02 11:35:00,2.1,18041.0,United Kingdom
536637,20733,GOLD MINI TAPE MEASURE ,1,2010-12-02 11:35:00,0.85,18041.0,United Kingdom
536637,47471,RAINBOW PEGS PHOTO CLIP STRING,1,2010-12-02 11:35:00,0.65,18041.0,United Kingdom
536637,85231B,CINAMMON SET OF 9 T-LIGHTS,1,2010-12-02 11:35:00,0.85,18041.0,United Kingdom
536637,85231G,ORANGE SCENTED SET/9 T-LIGHTS,1,2010-12-02 11:35:00,0.85,18041.0,United Kingdom
536637,21212,PACK OF 72 RETROSPOT CAKE CASES,1,2010-12-02 11:35:00,0.55,18041.0,United Kingdom
536637,22633,HAND WARMER UNION JACK,1,2010-12-02 11:35:00,2.1,18041.0,United Kingdom
536637,16046,TEATIME PEN CASE & PENS,1,2010-12-02 11:35:00,0.85,18041.0,United Kingdom
536637,22654,DELUXE SEWING KIT ,1,2010-12-02 11:35:00,5.95,18041.0,United Kingdom
536637,22652,TRAVEL SEWING KIT,1,2010-12-02 11:35:00,1.65,18041.0,United Kingdom
536637,22653,BUTTON BOX ,2,2010-12-02 11:35:00,1.95,18041.0,United Kingdom
536637,21914,BLUE HARMONICA IN BOX ,1,2010-12-02 11:35:00,1.25,18041.0,United Kingdom
536637,22961,JAM MAKING SET PRINTED,2,2010-12-02 11:35:00,1.45,18041.0,United Kingdom
536637,22633,HAND WARMER UNION JACK,1,2010-12-02 11:35:00,2.1,18041.0,United Kingdom
536637,22616,PACK OF 12 LONDON TISSUES ,12,2010-12-02 11:35:00,0.29,18041.0,United Kingdom
536637,85135B,BLUE DRAGONFLY HELICOPTER,1,2010-12-02 11:35:00,7.95,18041.0,United Kingdom
536637,22197,SMALL POPCORN HOLDER,1,2010-12-02 11:35:00,0.85,18041.0,United Kingdom
536637,22960,JAM MAKING SET WITH JARS,2,2010-12-02 11:35:00,4.25,18041.0,United Kingdom
536637,22696,WICKER WREATH LARGE,1,2010-12-02 11:35:00,1.95,18041.0,United Kingdom
536637,22196,SMALL HEART MEASURING SPOONS,2,2010-12-02 11:35:00,0.85,18041.0,United Kingdom
536637,22768,FAMILY PHOTO FRAME CORNICE,2,2010-12-02 11:35:00,9.95,18041.0,United Kingdom
536637,48138,DOORMAT UNION FLAG,1,2010-12-02 11:35:00,7.95,18041.0,United Kingdom
536637,22866,HAND WARMER SCOTTY DOG DESIGN,1,2010-12-02 11:35:00,2.1,18041.0,United Kingdom
536637,22945,CHRISTMAS METAL TAGS ASSORTED ,6,2010-12-02 11:35:00,0.85,18041.0,United Kingdom
536637,22731,3D CHRISTMAS STAMPS STICKERS ,4,2010-12-02 11:35:00,1.25,18041.0,United Kingdom
536637,22945,CHRISTMAS METAL TAGS ASSORTED ,12,2010-12-02 11:35:00,0.85,18041.0,United Kingdom
536637,21154,RED RETROSPOT OVEN GLOVE ,1,2010-12-02 11:35:00,1.25,18041.0,United Kingdom
536637,22911,PAPER CHAIN KIT LONDON,1,2010-12-02 11:35:00,2.95,18041.0,United Kingdom
536637,22755,SMALL PURPLE BABUSHKA NOTEBOOK ,1,2010-12-02 11:35:00,0.85,18041.0,United Kingdom
536637,22195,LARGE HEART MEASURING SPOONS,1,2010-12-02 11:35:00,1.65,18041.0,United Kingdom
536637,21154,RED RETROSPOT OVEN GLOVE ,2,2010-12-02 11:35:00,1.25,18041.0,United Kingdom
536637,22867,HAND WARMER BIRD DESIGN,1,2010-12-02 11:35:00,2.1,18041.0,United Kingdom
536637,21328,BALLOONS  WRITING SET ,1,2010-12-02 11:35:00,1.65,18041.0,United Kingdom
536637,85114C,RED ENCHANTED FOREST PLACEMAT,8,2010-12-02 11:35:00,1.65,18041.0,United Kingdom
536637,21326,AGED GLASS SILVER T-LIGHT HOLDER,24,2010-12-02 11:35:00,0.65,18041.0,United Kingdom
536637,22796,PHOTO FRAME 3 CLASSIC HANGING,2,2010-12-02 11:35:00,9.95,18041.0,United Kingdom
536637,22130,PARTY CONE CHRISTMAS DECORATION ,6,2010-12-02 11:35:00,0.85,18041.0,United Kingdom
536637,22733,3D TRADITIONAL CHRISTMAS STICKERS,4,2010-12-02 11:35:00,1.25,18041.0,United Kingdom
536637,22560,TRADITIONAL MODELLING CLAY,3,2010-12-02 11:35:00,1.25,18041.0,United Kingdom
536637,22491,PACK OF 12 COLOURED PENCILS,3,2010-12-02 11:35:00,0.85,18041.0,United Kingdom
536637,22489,PACK OF 12 TRADITIONAL CRAYONS,3,2010-12-02 11:35:00,0.42,18041.0,United Kingdom
536637,72818,CHRISTMAS DECOUPAGE CANDLE,1,2010-12-02 11:35:00,0.85,18041.0,United Kingdom
536637,20878,SET/9 CHRISTMAS T-LIGHTS SCENTED ,1,2010-12-02 11:35:00,1.25,18041.0,United Kingdom
536637,22920,HERB MARKER BASIL,1,2010-12-02 11:35:00,0.65,18041.0,United Kingdom
536637,22917,HERB MARKER ROSEMARY,1,2010-12-02 11:35:00,0.65,18041.0,United Kingdom
536637,22919,HERB MARKER MINT,2,2010-12-02 11:35:00,0.65,18041.0,United Kingdom
536637,22918,HERB MARKER PARSLEY,2,2010-12-02 11:35:00,0.65,18041.0,United Kingdom
536637,22916,HERB MARKER THYME,2,2010-12-02 11:35:00,0.65,18041.0,United Kingdom
536637,22921,HERB MARKER CHIVES ,2,2010-12-02 11:35:00,0.65,18041.0,United Kingdom
536637,22917,HERB MARKER ROSEMARY,1,2010-12-02 11:35:00,0.65,18041.0,United Kingdom
536637,22920,HERB MARKER BASIL,1,2010-12-02 11:35:00,0.65,18041.0,United Kingdom
536637,84692,BOX OF 24 COCKTAIL PARASOLS,1,2010-12-02 11:35:00,0.42,18041.0,United Kingdom
536637,22659,LUNCH BOX I LOVE LONDON,1,2010-12-02 11:35:00,1.95,18041.0,United Kingdom
536637,22315,200 RED + WHITE BENDY STRAWS,1,2010-12-02 11:35:00,1.25,18041.0,United Kingdom
536637,22559,SEASIDE FLYING DISC,1,2010-12-02 11:35:00,1.25,18041.0,United Kingdom
536637,20878,SET/9 CHRISTMAS T-LIGHTS SCENTED ,1,2010-12-02 11:35:00,1.25,18041.0,United Kingdom
536637,22696,WICKER WREATH LARGE,1,2010-12-02 11:35:00,1.95,18041.0,United Kingdom
536637,22896,PEG BAG APPLES DESIGN,1,2010-12-02 11:35:00,2.55,18041.0,United Kingdom
536637,20967,GREY FLORAL FELTCRAFT SHOULDER BAG,1,2010-12-02 11:35:00,3.75,18041.0,United Kingdom
536637,21098,CHRISTMAS TOILET ROLL,1,2010-12-02 11:35:00,1.25,18041.0,United Kingdom
536637,22568,FELTCRAFT CUSHION OWL,1,2010-12-02 11:35:00,3.75,18041.0,United Kingdom
536637,22654,DELUXE SEWING KIT ,1,2010-12-02 11:35:00,5.95,18041.0,United Kingdom
536638,20992,JAZZ HEARTS PURSE NOTEBOOK,12,2010-12-02 11:41:00,0.85,16244.0,United Kingdom
536638,51014A,"FEATHER PEN,HOT PINK",12,2010-12-02 11:41:00,0.85,16244.0,United Kingdom
536638,22113,GREY HEART HOT WATER BOTTLE,4,2010-12-02 11:41:00,3.75,16244.0,United Kingdom
536638,22111,SCOTTIE DOG HOT WATER BOTTLE,3,2010-12-02 11:41:00,4.95,16244.0,United Kingdom
536638,84032B,CHARLIE + LOLA RED HOT WATER BOTTLE,6,2010-12-02 11:41:00,2.95,16244.0,United Kingdom
536638,84031B,CHARLIE LOLA BLUE HOT WATER BOTTLE ,3,2010-12-02 11:41:00,4.65,16244.0,United Kingdom
536638,84031A,CHARLIE+LOLA RED HOT WATER BOTTLE ,3,2010-12-02 11:41:00,4.65,16244.0,United Kingdom
536638,21430,SET/3 RED GINGHAM ROSE STORAGE BOX,4,2010-12-02 11:41:00,3.75,16244.0,United Kingdom
536638,21429,RED GINGHAM ROSE JEWELLERY BOX,8,2010-12-02 11:41:00,1.65,16244.0,United Kingdom
536638,21313,GLASS HEART T-LIGHT HOLDER ,12,2010-12-02 11:41:00,0.85,16244.0,United Kingdom
536638,21108,FAIRY CAKE FLANNEL ASSORTED COLOUR,9,2010-12-02 11:41:00,2.55,16244.0,United Kingdom
536638,47599B,BLUE PARTY BAGS ,6,2010-12-02 11:41:00,2.1,16244.0,United Kingdom
536638,47566B,TEA TIME PARTY BUNTING,5,2010-12-02 11:41:00,4.65,16244.0,United Kingdom
536638,22499,WOODEN UNION JACK BUNTING,3,2010-12-02 11:41:00,5.95,16244.0,United Kingdom
536638,22090,PAPER BUNTING RETROSPOT,6,2010-12-02 11:41:00,2.95,16244.0,United Kingdom
536638,22071,SMALL WHITE RETROSPOT MUG IN BOX ,6,2010-12-02 11:41:00,3.75,16244.0,United Kingdom
536638,22070,SMALL RED RETROSPOT MUG IN BOX ,6,2010-12-02 11:41:00,3.75,16244.0,United Kingdom
536638,21216,"SET 3 RETROSPOT TEA,COFFEE,SUGAR",4,2010-12-02 11:41:00,4.95,16244.0,United Kingdom
536638,22637,PIGGY BANK RETROSPOT ,6,2010-12-02 11:41:00,2.55,16244.0,United Kingdom
536638,20983,12 PENCILS TALL TUBE RED RETROSPOT,12,2010-12-02 11:41:00,0.85,16244.0,United Kingdom
536638,20975,12 PENCILS SMALL TUBE RED RETROSPOT,24,2010-12-02 11:41:00,0.65,16244.0,United Kingdom
536638,20750,RED RETROSPOT MINI CASES,2,2010-12-02 11:41:00,7.95,16244.0,United Kingdom
536638,21041,RED RETROSPOT OVEN GLOVE DOUBLE,6,2010-12-02 11:41:00,2.95,16244.0,United Kingdom
536638,21537,RED RETROSPOT PUDDING BOWL,4,2010-12-02 11:41:00,4.25,16244.0,United Kingdom
536638,21533,RETROSPOT LARGE MILK JUG,3,2010-12-02 11:41:00,4.95,16244.0,United Kingdom
536638,21527,RED RETROSPOT TRADITIONAL TEAPOT ,2,2010-12-02 11:41:00,7.95,16244.0,United Kingdom
536638,21538,DAIRY MAID  PUDDING BOWL,4,2010-12-02 11:41:00,3.75,16244.0,United Kingdom
536638,85216,ASSORTED CAKES FRIDGE MAGNETS,12,2010-12-02 11:41:00,0.65,16244.0,United Kingdom
536638,84992,72 SWEETHEART FAIRY CAKE CASES,24,2010-12-02 11:41:00,0.55,16244.0,United Kingdom
536638,84991,60 TEATIME FAIRY CAKE CASES,24,2010-12-02 11:41:00,0.55,16244.0,United Kingdom
536638,22352,LUNCH BOX WITH CUTLERY RETROSPOT ,6,2010-12-02 11:41:00,2.55,16244.0,United Kingdom
536638,84509A,SET OF 4 ENGLISH ROSE PLACEMATS,4,2010-12-02 11:41:00,3.75,16244.0,United Kingdom
536638,84510A,SET OF 4 ENGLISH ROSE COASTERS,10,2010-12-02 11:41:00,1.25,16244.0,United Kingdom
536638,22131,FOOD CONTAINER SET 3 LOVE HEART ,6,2010-12-02 11:41:00,1.95,16244.0,United Kingdom
536638,21163,DO NOT TOUCH MY STUFF DOOR HANGER ,12,2010-12-02 11:41:00,1.45,16244.0,United Kingdom
536638,21158,MOODY GIRL DOOR HANGER ,12,2010-12-02 11:41:00,1.45,16244.0,United Kingdom
536638,21161,KEEP OUT BOYS DOOR HANGER ,12,2010-12-02 11:41:00,1.45,16244.0,United Kingdom
536638,21159,MOODY BOY  DOOR HANGER ,12,2010-12-02 11:41:00,1.45,16244.0,United Kingdom
536638,84970L,SINGLE HEART ZINC T-LIGHT HOLDER,12,2010-12-02 11:41:00,0.95,16244.0,United Kingdom
536638,72741,GRAND CHOCOLATECANDLE,18,2010-12-02 11:41:00,1.45,16244.0,United Kingdom
536638,22502,PICNIC BASKET WICKER SMALL,4,2010-12-02 11:41:00,5.95,16244.0,United Kingdom
536638,22469,HEART OF WICKER SMALL,12,2010-12-02 11:41:00,1.65,16244.0,United Kingdom
536638,22212,FOUR HOOK  WHITE LOVEBIRDS,6,2010-12-02 11:41:00,2.1,16244.0,United Kingdom
536638,84406B,CREAM CUPID HEARTS COAT HANGER,8,2010-12-02 11:41:00,3.25,16244.0,United Kingdom
536638,22188,BLACK HEART CARD HOLDER,4,2010-12-02 11:41:00,3.95,16244.0,United Kingdom
536638,84971S,SMALL HEART FLOWERS HOOK ,24,2010-12-02 11:41:00,0.85,16244.0,United Kingdom
536638,21390,FILIGRIS HEART WITH BUTTERFLY,24,2010-12-02 11:41:00,1.25,16244.0,United Kingdom
536638,84836,ZINC METAL HEART DECORATION,12,2010-12-02 11:41:00,1.25,16244.0,United Kingdom
536638,22297,HEART IVORY TRELLIS SMALL,24,2010-12-02 11:41:00,1.25,16244.0,United Kingdom
536638,22335,HEART DECORATION PAINTED ZINC ,24,2010-12-02 11:41:00,0.65,16244.0,United Kingdom
536638,22285,"DECORATION HEN ON NEST, HANGING",12,2010-12-02 11:41:00,1.65,16244.0,United Kingdom
536638,22284,HEN HOUSE DECORATION,12,2010-12-02 11:41:00,1.65,16244.0,United Kingdom
536638,21383,PACK OF 12 STICKY BUNNIES,12,2010-12-02 11:41:00,0.65,16244.0,United Kingdom
536638,21381,MINI WOODEN HAPPY BIRTHDAY GARLAND,12,2010-12-02 11:41:00,1.69,16244.0,United Kingdom
536638,21380,WOODEN HAPPY BIRTHDAY GARLAND,6,2010-12-02 11:41:00,2.95,16244.0,United Kingdom
536638,47590B,PINK HAPPY BIRTHDAY BUNTING,3,2010-12-02 11:41:00,5.45,16244.0,United Kingdom
536638,47590A,BLUE HAPPY BIRTHDAY BUNTING,3,2010-12-02 11:41:00,5.45,16244.0,United Kingdom
536638,22210,WOOD STAMP SET BEST WISHES,12,2010-12-02 11:41:00,1.65,16244.0,United Kingdom
536638,22209,WOOD STAMP SET HAPPY BIRTHDAY,12,2010-12-02 11:41:00,1.65,16244.0,United Kingdom
536638,22208,WOOD STAMP SET THANK YOU,12,2010-12-02 11:41:00,1.65,16244.0,United Kingdom
536638,22318,FIVE HEART HANGING DECORATION,6,2010-12-02 11:41:00,2.95,16244.0,United Kingdom
536638,20974,12 PENCILS SMALL TUBE SKULL,24,2010-12-02 11:41:00,0.65,16244.0,United Kingdom
536638,20982,12 PENCILS TALL TUBE SKULLS,12,2010-12-02 11:41:00,0.85,16244.0,United Kingdom
536639,22632,HAND WARMER RED RETROSPOT,12,2010-12-02 11:45:00,2.1,15111.0,United Kingdom
536639,21872,GLAMOROUS  MUG,12,2010-12-02 11:45:00,1.25,15111.0,United Kingdom
536639,48111,DOORMAT 3 SMILEY CATS,2,2010-12-02 11:45:00,7.95,15111.0,United Kingdom
536639,21888,BINGO SET,4,2010-12-02 11:45:00,3.75,15111.0,United Kingdom
536639,22867,HAND WARMER BIRD DESIGN,12,2010-12-02 11:45:00,2.1,15111.0,United Kingdom
536639,22866,HAND WARMER SCOTTY DOG DESIGN,12,2010-12-02 11:45:00,2.1,15111.0,United Kingdom
536639,22865,HAND WARMER OWL DESIGN,12,2010-12-02 11:45:00,2.1,15111.0,United Kingdom
536639,22112,CHOCOLATE HOT WATER BOTTLE,3,2010-12-02 11:45:00,4.95,15111.0,United Kingdom
536639,84029G,KNITTED UNION FLAG HOT WATER BOTTLE,4,2010-12-02 11:45:00,3.75,15111.0,United Kingdom
536639,22637,PIGGY BANK RETROSPOT ,6,2010-12-02 11:45:00,2.55,15111.0,United Kingdom
536639,22090,PAPER BUNTING RETROSPOT,6,2010-12-02 11:45:00,2.95,15111.0,United Kingdom
536639,21042,RED RETROSPOT APRON ,3,2010-12-02 11:45:00,5.95,15111.0,United Kingdom
536639,22961,JAM MAKING SET PRINTED,12,2010-12-02 11:45:00,1.45,15111.0,United Kingdom
536639,22365,DOORMAT RESPECTABLE HOUSE,2,2010-12-02 11:45:00,7.95,15111.0,United Kingdom
536639,48138,DOORMAT UNION FLAG,2,2010-12-02 11:45:00,7.95,15111.0,United Kingdom
536639,22822,CREAM WALL PLANTER HEART SHAPED,2,2010-12-02 11:45:00,5.95,15111.0,United Kingdom
536640,21914,BLUE HARMONICA IN BOX ,1,2010-12-02 11:45:00,1.25,,United Kingdom
536640,22661,CHARLOTTE BAG DOLLY GIRL DESIGN,1,2010-12-02 11:45:00,0.85,,United Kingdom
536640,22560,TRADITIONAL MODELLING CLAY,1,2010-12-02 11:45:00,1.25,,United Kingdom
536640,22411,JUMBO SHOPPER VINTAGE RED PAISLEY,1,2010-12-02 11:45:00,1.95,,United Kingdom
536640,22633,HAND WARMER UNION JACK,1,2010-12-02 11:45:00,2.1,,United Kingdom
536640,22632,HAND WARMER RED RETROSPOT,1,2010-12-02 11:45:00,2.1,,United Kingdom
536640,22867,HAND WARMER BIRD DESIGN,1,2010-12-02 11:45:00,2.1,,United Kingdom
536640,20754,RETROSPOT RED WASHING UP GLOVES,1,2010-12-02 11:45:00,2.1,,United Kingdom
536640,85035A,GARDENIA 3 WICK MORRIS BOXED CANDLE,1,2010-12-02 11:45:00,4.25,,United Kingdom
536640,22667,RECIPE BOX RETROSPOT ,1,2010-12-02 11:45:00,2.95,,United Kingdom
536640,22761,CHEST 7 DRAWER MA CAMPAGNE,1,2010-12-02 11:45:00,24.95,,United Kingdom
536641,22187,GREEN CHRISTMAS TREE CARD HOLDER,1,2010-12-02 11:46:00,4.25,12748.0,United Kingdom
C536642,21463,MIRRORED DISCO BALL ,-1,2010-12-02 11:56:00,5.95,14390.0,United Kingdom
536643,85136A,YELLOW SHARK HELICOPTER,1,2010-12-02 11:57:00,7.95,14390.0,United Kingdom
536643,85099B,JUMBO BAG RED RETROSPOT,2,2010-12-02 11:57:00,1.95,14390.0,United Kingdom
536643,22385,JUMBO BAG SPACEBOY DESIGN,4,2010-12-02 11:57:00,1.95,14390.0,United Kingdom
536643,21870,I CAN ONLY PLEASE ONE PERSON MUG,1,2010-12-02 11:57:00,1.25,14390.0,United Kingdom
536643,20723,STRAWBERRY CHARLOTTE BAG,1,2010-12-02 11:57:00,0.85,14390.0,United Kingdom
536643,20967,GREY FLORAL FELTCRAFT SHOULDER BAG,2,2010-12-02 11:57:00,3.75,14390.0,United Kingdom
536643,20969,RED FLORAL FELTCRAFT SHOULDER BAG,2,2010-12-02 11:57:00,3.75,14390.0,United Kingdom
536643,20970,PINK FLORAL FELTCRAFT SHOULDER BAG,1,2010-12-02 11:57:00,3.75,14390.0,United Kingdom
536643,85099B,JUMBO BAG RED RETROSPOT,3,2010-12-02 11:57:00,1.95,14390.0,United Kingdom
536643,22418,10 COLOUR SPACEBOY PEN,2,2010-12-02 11:57:00,0.85,14390.0,United Kingdom
536643,22374,AIRLINE BAG VINTAGE JET SET RED,2,2010-12-02 11:57:00,4.25,14390.0,United Kingdom
536643,22372,AIRLINE BAG VINTAGE WORLD CHAMPION ,2,2010-12-02 11:57:00,4.25,14390.0,United Kingdom
536643,22375,AIRLINE BAG VINTAGE JET SET BROWN,2,2010-12-02 11:57:00,4.25,14390.0,United Kingdom
536643,22371,AIRLINE BAG VINTAGE TOKYO 78,1,2010-12-02 11:57:00,4.25,14390.0,United Kingdom
536643,22634,CHILDS BREAKFAST SET SPACEBOY ,2,2010-12-02 11:57:00,9.95,14390.0,United Kingdom
536643,22663,JUMBO BAG DOLLY GIRL DESIGN,2,2010-12-02 11:57:00,1.95,14390.0,United Kingdom
536643,22662,LUNCH BAG DOLLY GIRL DESIGN,2,2010-12-02 11:57:00,1.65,14390.0,United Kingdom
536643,22650,CERAMIC PIRATE CHEST MONEY BANK,4,2010-12-02 11:57:00,1.45,14390.0,United Kingdom
536643,22578,WOODEN STAR CHRISTMAS SCANDINAVIAN,5,2010-12-02 11:57:00,0.85,14390.0,United Kingdom
536643,22579,WOODEN TREE CHRISTMAS SCANDINAVIAN,6,2010-12-02 11:57:00,0.85,14390.0,United Kingdom
536643,21479,WHITE SKULL HOT WATER BOTTLE ,2,2010-12-02 11:57:00,3.75,14390.0,United Kingdom
536643,22112,CHOCOLATE HOT WATER BOTTLE,6,2010-12-02 11:57:00,4.95,14390.0,United Kingdom
536643,22110,BIRD HOUSE HOT WATER BOTTLE,4,2010-12-02 11:57:00,2.55,14390.0,United Kingdom
536643,84997B,RED 3 PIECE RETROSPOT CUTLERY SET,3,2010-12-02 11:57:00,3.75,14390.0,United Kingdom
536643,84997A,GREEN 3 PIECE POLKADOT CUTLERY SET,3,2010-12-02 11:57:00,3.75,14390.0,United Kingdom
536643,84997C,BLUE 3 PIECE POLKADOT CUTLERY SET,2,2010-12-02 11:57:00,3.75,14390.0,United Kingdom
536643,84997D,PINK 3 PIECE POLKADOT CUTLERY SET,7,2010-12-02 11:57:00,3.75,14390.0,United Kingdom
536643,22634,CHILDS BREAKFAST SET SPACEBOY ,2,2010-12-02 11:57:00,9.95,14390.0,United Kingdom
536643,22663,JUMBO BAG DOLLY GIRL DESIGN,2,2010-12-02 11:57:00,1.95,14390.0,United Kingdom
536643,22662,LUNCH BAG DOLLY GIRL DESIGN,2,2010-12-02 11:57:00,1.65,14390.0,United Kingdom
536643,22650,CERAMIC PIRATE CHEST MONEY BANK,4,2010-12-02 11:57:00,1.45,14390.0,United Kingdom
536643,22578,WOODEN STAR CHRISTMAS SCANDINAVIAN,5,2010-12-02 11:57:00,0.85,14390.0,United Kingdom
536643,22579,WOODEN TREE CHRISTMAS SCANDINAVIAN,6,2010-12-02 11:57:00,0.85,14390.0,United Kingdom
536643,21479,WHITE SKULL HOT WATER BOTTLE ,2,2010-12-02 11:57:00,3.75,14390.0,United Kingdom
536643,22112,CHOCOLATE HOT WATER BOTTLE,6,2010-12-02 11:57:00,4.95,14390.0,United Kingdom
536643,22110,BIRD HOUSE HOT WATER BOTTLE,4,2010-12-02 11:57:00,2.55,14390.0,United Kingdom
536643,84997B,RED 3 PIECE RETROSPOT CUTLERY SET,3,2010-12-02 11:57:00,3.75,14390.0,United Kingdom
536643,84997A,GREEN 3 PIECE POLKADOT CUTLERY SET,3,2010-12-02 11:57:00,3.75,14390.0,United Kingdom
536643,84997C,BLUE 3 PIECE POLKADOT CUTLERY SET,2,2010-12-02 11:57:00,3.75,14390.0,United Kingdom
536643,84997D,PINK 3 PIECE POLKADOT CUTLERY SET,7,2010-12-02 11:57:00,3.75,14390.0,United Kingdom
536663,22867,HAND WARMER BIRD DESIGN,24,2010-12-02 12:07:00,2.1,16546.0,United Kingdom
536663,22633,HAND WARMER UNION JACK,24,2010-12-02 12:07:00,2.1,16546.0,United Kingdom
536663,22632,HAND WARMER RED RETROSPOT,24,2010-12-02 12:07:00,2.1,16546.0,United Kingdom
536663,22910,PAPER CHAIN KIT VINTAGE CHRISTMAS,40,2010-12-02 12:07:00,2.55,16546.0,United Kingdom
536663,22737,RIBBON REEL CHRISTMAS PRESENT ,20,2010-12-02 12:07:00,1.65,16546.0,United Kingdom
536663,22952,60 CAKE CASES VINTAGE CHRISTMAS,24,2010-12-02 12:07:00,0.55,16546.0,United Kingdom
536667,22601,CHRISTMAS RETROSPOT ANGEL WOOD,24,2010-12-02 12:09:00,0.85,15260.0,United Kingdom
536667,22602,CHRISTMAS RETROSPOT HEART WOOD,24,2010-12-02 12:09:00,0.85,15260.0,United Kingdom
536667,22579,WOODEN TREE CHRISTMAS SCANDINAVIAN,24,2010-12-02 12:09:00,0.85,15260.0,United Kingdom
536667,22574,HEART WOODEN CHRISTMAS DECORATION,24,2010-12-02 12:09:00,0.85,15260.0,United Kingdom
536667,22576,SWALLOW WOODEN CHRISTMAS DECORATION,24,2010-12-02 12:09:00,0.85,15260.0,United Kingdom
536667,22594,CHRISTMAS GINGHAM TREE,24,2010-12-02 12:09:00,0.85,15260.0,United Kingdom
536667,22595,CHRISTMAS GINGHAM HEART,12,2010-12-02 12:09:00,0.85,15260.0,United Kingdom
536667,22423,REGENCY CAKESTAND 3 TIER,4,2010-12-02 12:09:00,12.75,15260.0,United Kingdom
536667,21217,RED RETROSPOT ROUND CAKE TINS,2,2010-12-02 12:09:00,9.95,15260.0,United Kingdom
536667,22086,PAPER CHAIN KIT 50'S CHRISTMAS ,12,2010-12-02 12:09:00,2.95,15260.0,United Kingdom
536667,22910,PAPER CHAIN KIT VINTAGE CHRISTMAS,12,2010-12-02 12:09:00,2.95,15260.0,United Kingdom
536667,84347,ROTATING SILVER ANGELS T-LIGHT HLDR,6,2010-12-02 12:09:00,2.55,15260.0,United Kingdom
536667,21741,COSY SLIPPER SHOES LARGE GREEN,6,2010-12-02 12:09:00,2.95,15260.0,United Kingdom
536667,21738,COSY SLIPPER SHOES SMALL  RED ,6,2010-12-02 12:09:00,2.95,15260.0,United Kingdom
536667,21739,COSY SLIPPER SHOES SMALL GREEN,6,2010-12-02 12:09:00,2.95,15260.0,United Kingdom
536667,79321,CHILLI LIGHTS,4,2010-12-02 12:09:00,4.95,15260.0,United Kingdom
536670,22469,HEART OF WICKER SMALL,40,2010-12-02 12:09:00,1.45,15260.0,United Kingdom
536671,85061W,WHITE JEWELLED HEART DECORATION,24,2010-12-02 12:10:00,0.85,13305.0,United Kingdom
536671,22855,FINE WICKER HEART ,12,2010-12-02 12:10:00,1.25,13305.0,United Kingdom
536671,22465,HANGING METAL STAR LANTERN,24,2010-12-02 12:10:00,1.65,13305.0,United Kingdom
536671,22740,POLKADOT PEN,48,2010-12-02 12:10:00,0.85,13305.0,United Kingdom
536671,21385,IVORY HANGING DECORATION  HEART,24,2010-12-02 12:10:00,0.85,13305.0,United Kingdom
536672,22812,PACK 3 BOXES CHRISTMAS PANNETONE,24,2010-12-02 12:10:00,1.95,14491.0,United Kingdom
536672,20749,ASSORTED COLOUR MINI CASES,6,2010-12-02 12:10:00,7.95,14491.0,United Kingdom
536672,22729,ALARM CLOCK BAKELIKE ORANGE,4,2010-12-02 12:10:00,3.75,14491.0,United Kingdom
536672,21288,STRIPEY CHOCOLATE NESTING BOXES,6,2010-12-02 12:10:00,2.95,14491.0,United Kingdom
536673,21014,SWISS CHALET TREE DECORATION ,60,2010-12-02 12:11:00,0.85,14060.0,United Kingdom
536673,21803,CHRISTMAS TREE STAR DECORATION,36,2010-12-02 12:11:00,0.42,14060.0,United Kingdom
536673,21801,CHRISTMAS TREE DECORATION WITH BELL,36,2010-12-02 12:11:00,0.42,14060.0,United Kingdom
536673,72816,SET/3 CHRISTMAS DECOUPAGE CANDLES,48,2010-12-02 12:11:00,1.06,14060.0,United Kingdom
536673,22909,SET OF 20 VINTAGE CHRISTMAS NAPKINS,96,2010-12-02 12:11:00,0.64,14060.0,United Kingdom
536673,40016,CHINESE DRAGON PAPER LANTERNS,144,2010-12-02 12:11:00,0.42,14060.0,United Kingdom
536673,22491,PACK OF 12 COLOURED PENCILS,48,2010-12-02 12:11:00,0.85,14060.0,United Kingdom
536673,21791,VINTAGE HEADS AND TAILS CARD GAME ,36,2010-12-02 12:11:00,1.25,14060.0,United Kingdom
536674,21034,REX CASH+CARRY JUMBO SHOPPER,5,2010-12-02 12:16:00,0.95,15923.0,United Kingdom
536674,22650,CERAMIC PIRATE CHEST MONEY BANK,4,2010-12-02 12:16:00,1.45,15923.0,United Kingdom
536674,22202,MILK PAN PINK POLKADOT,2,2010-12-02 12:16:00,3.75,15923.0,United Kingdom
536674,21064,BOOM BOX SPEAKER BOYS,1,2010-12-02 12:16:00,5.95,15923.0,United Kingdom
536674,21364,PEACE SMALL WOOD LETTERS,1,2010-12-02 12:16:00,6.75,15923.0,United Kingdom
536674,22964,3 PIECE SPACEBOY COOKIE CUTTER SET,1,2010-12-02 12:16:00,2.1,15923.0,United Kingdom
536674,22131,FOOD CONTAINER SET 3 LOVE HEART ,1,2010-12-02 12:16:00,1.95,15923.0,United Kingdom
536674,48173C,DOORMAT BLACK FLOCK ,1,2010-12-02 12:16:00,7.95,15923.0,United Kingdom
536674,47591B,SCOTTIES CHILDRENS APRON,1,2010-12-02 12:16:00,1.65,15923.0,United Kingdom
536674,47591D,PINK FAIRY CAKE CHILDRENS APRON,1,2010-12-02 12:16:00,1.95,15923.0,United Kingdom
536674,85038,6 CHOCOLATE LOVE HEART T-LIGHTS,7,2010-12-02 12:16:00,2.1,15923.0,United Kingdom
536674,22195,LARGE HEART MEASURING SPOONS,1,2010-12-02 12:16:00,1.65,15923.0,United Kingdom
536674,84341B,SMALL PINK MAGIC CHRISTMAS TREE,1,2010-12-02 12:16:00,0.85,15923.0,United Kingdom
536674,84509G,SET OF 4 FAIRY CAKE PLACEMATS ,2,2010-12-02 12:16:00,3.75,15923.0,United Kingdom
536674,22367,CHILDRENS APRON SPACEBOY DESIGN,2,2010-12-02 12:16:00,1.95,15923.0,United Kingdom
536674,16235,RECYCLED PENCIL WITH RABBIT ERASER,48,2010-12-02 12:16:00,0.21,15923.0,United Kingdom
536674,84755,COLOUR GLASS T-LIGHT HOLDER HANGING,32,2010-12-02 12:16:00,0.65,15923.0,United Kingdom
536674,21161,KEEP OUT BOYS DOOR HANGER ,2,2010-12-02 12:16:00,1.45,15923.0,United Kingdom
536674,20986,BLUE CALCULATOR RULER,4,2010-12-02 12:16:00,1.25,15923.0,United Kingdom
536674,20832,RED FLOCK LOVE HEART PHOTO FRAME,4,2010-12-02 12:16:00,0.85,15923.0,United Kingdom
536674,22501,PICNIC BASKET WICKER LARGE,1,2010-12-02 12:16:00,9.95,15923.0,United Kingdom
536676,84846A,SCENTED CANDLE IN DIGITALIS TIN,6,2010-12-02 12:18:00,2.1,16752.0,United Kingdom
536676,22442,GROW YOUR OWN FLOWERS SET OF 3,2,2010-12-02 12:18:00,7.95,16752.0,United Kingdom
536676,22759,SET OF 3 NOTEBOOKS IN PARCEL,12,2010-12-02 12:18:00,1.65,16752.0,United Kingdom
536676,22168,ORGANISER WOOD ANTIQUE WHITE ,2,2010-12-02 12:18:00,8.5,16752.0,United Kingdom
536847,22155,STAR DECORATION RUSTIC,48,2010-12-03 09:31:00,0.42,17135.0,United Kingdom
536847,21807,WHITE CHRISTMAS STAR DECORATION,36,2010-12-03 09:31:00,0.42,17135.0,United Kingdom
536847,22161,HEART DECORATION RUSTIC HANGING ,24,2010-12-03 09:31:00,0.65,17135.0,United Kingdom
536847,22065,CHRISTMAS PUDDING TRINKET POT ,24,2010-12-03 09:31:00,1.45,17135.0,United Kingdom
536847,20956,PORCELAIN T-LIGHT HOLDERS ASSORTED,12,2010-12-03 09:31:00,1.25,17135.0,United Kingdom
536847,84347,ROTATING SILVER ANGELS T-LIGHT HLDR,6,2010-12-03 09:31:00,2.55,17135.0,United Kingdom
536847,21231,SWEETHEART CERAMIC TRINKET BOX,24,2010-12-03 09:31:00,1.25,17135.0,United Kingdom
536847,21232,STRAWBERRY CERAMIC TRINKET BOX,24,2010-12-03 09:31:00,1.25,17135.0,United Kingdom
536847,22067,CHOC TRUFFLE GOLD TRINKET POT ,24,2010-12-03 09:31:00,1.65,17135.0,United Kingdom
536848,22910,PAPER CHAIN KIT VINTAGE CHRISTMAS,80,2010-12-03 09:39:00,2.55,13408.0,United Kingdom
536848,21930,JUMBO STORAGE BAG SKULLS,100,2010-12-03 09:39:00,1.65,13408.0,United Kingdom
536848,21928,JUMBO BAG SCANDINAVIAN PAISLEY,100,2010-12-03 09:39:00,1.65,13408.0,United Kingdom
536849,22730,ALARM CLOCK BAKELIKE IVORY,19,2010-12-03 09:45:00,3.75,17396.0,United Kingdom
536849,22727,ALARM CLOCK BAKELIKE RED ,48,2010-12-03 09:45:00,3.75,17396.0,United Kingdom
536849,22728,ALARM CLOCK BAKELIKE PINK,39,2010-12-03 09:45:00,3.75,17396.0,United Kingdom
C536850,22942,CHRISTMAS LIGHTS 10 SANTAS ,-48,2010-12-03 09:47:00,7.65,14213.0,United Kingdom
C536850,22689,DOORMAT MERRY CHRISTMAS RED ,-50,2010-12-03 09:47:00,6.75,14213.0,United Kingdom
C536850,22591,CARDHOLDER GINGHAM CHRISTMAS TREE,-50,2010-12-03 09:47:00,2.55,14213.0,United Kingdom
C536850,22580,ADVENT CALENDAR GINGHAM SACK,-48,2010-12-03 09:47:00,4.95,14213.0,United Kingdom
C536850,22186,RED STAR CARD HOLDER,-48,2010-12-03 09:47:00,2.55,14213.0,United Kingdom
536851,20682,RED RETROSPOT CHILDRENS UMBRELLA,24,2010-12-03 09:49:00,3.25,12967.0,United Kingdom
536851,22111,SCOTTIE DOG HOT WATER BOTTLE,36,2010-12-03 09:49:00,4.95,12967.0,United Kingdom
536851,21485,RETROSPOT HEART HOT WATER BOTTLE,6,2010-12-03 09:49:00,4.95,12967.0,United Kingdom
536851,22128,PARTY CONES CANDY ASSORTED,60,2010-12-03 09:49:00,1.25,12967.0,United Kingdom
536851,20749,ASSORTED COLOUR MINI CASES,12,2010-12-03 09:49:00,7.95,12967.0,United Kingdom
536851,22276,WASH BAG VINTAGE ROSE PAISLEY,36,2010-12-03 09:49:00,2.55,12967.0,United Kingdom
536851,22503,CABIN BAG VINTAGE PAISLEY,6,2010-12-03 09:49:00,29.95,12967.0,United Kingdom
536851,21430,SET/3 RED GINGHAM ROSE STORAGE BOX,48,2010-12-03 09:49:00,4.25,12967.0,United Kingdom
536851,21429,RED GINGHAM ROSE JEWELLERY BOX,56,2010-12-03 09:49:00,1.65,12967.0,United Kingdom
536851,21428,SET3 BOOK BOX GREEN GINGHAM FLOWER ,8,2010-12-03 09:49:00,4.25,12967.0,United Kingdom
536851,22333,RETROSPOT PARTY BAG + STICKER SET,32,2010-12-03 09:49:00,1.65,12967.0,United Kingdom
536851,22180,RETROSPOT LAMP,6,2010-12-03 09:49:00,9.95,12967.0,United Kingdom
536851,22504,CABIN BAG VINTAGE RETROSPOT,6,2010-12-03 09:49:00,29.95,12967.0,United Kingdom
536851,21094,SET/6 RED SPOTTY PAPER PLATES,12,2010-12-03 09:49:00,0.85,12967.0,United Kingdom
536851,21086,SET/6 RED SPOTTY PAPER CUPS,12,2010-12-03 09:49:00,0.65,12967.0,United Kingdom
536852,22549,PICTURE DOMINOES,12,2010-12-03 09:51:00,1.45,12686.0,France
536852,22544,MINI JIGSAW SPACEBOY,24,2010-12-03 09:51:00,0.42,12686.0,France
536852,22539,MINI JIGSAW DOLLY GIRL,24,2010-12-03 09:51:00,0.42,12686.0,France
536852,22661,CHARLOTTE BAG DOLLY GIRL DESIGN,10,2010-12-03 09:51:00,0.85,12686.0,France
536852,21791,VINTAGE HEADS AND TAILS CARD GAME ,12,2010-12-03 09:51:00,1.25,12686.0,France
536852,21786,POLKADOT RAIN HAT ,24,2010-12-03 09:51:00,0.42,12686.0,France
536852,POST,POSTAGE,1,2010-12-03 09:51:00,18.0,12686.0,France
C536853,84678,CLASSICAL ROSE SMALL VASE,-1,2010-12-03 10:07:00,2.55,14679.0,United Kingdom
C536854,22158,3 HEARTS HANGING DECORATION RUSTIC,-1,2010-12-03 10:09:00,2.95,15240.0,United Kingdom
C536854,22944,CHRISTMAS METAL POSTCARD WITH BELLS,-1,2010-12-03 10:09:00,1.25,15240.0,United Kingdom
C536854,21871,SAVE THE PLANET MUG,-1,2010-12-03 10:09:00,1.25,15240.0,United Kingdom
C536855,21527,RED RETROSPOT TRADITIONAL TEAPOT ,-4,2010-12-03 10:11:00,7.95,18225.0,United Kingdom
536856,22632,HAND WARMER RED POLKA DOT,12,2010-12-03 10:26:00,2.1,13370.0,United Kingdom
536856,22941,CHRISTMAS LIGHTS 10 REINDEER,2,2010-12-03 10:26:00,8.5,13370.0,United Kingdom
536856,22943,CHRISTMAS LIGHTS 10 VINTAGE BAUBLES,6,2010-12-03 10:26:00,4.95,13370.0,United Kingdom
536856,21591,COSY HOUR CIGAR BOX MATCHES ,24,2010-12-03 10:26:00,1.25,13370.0,United Kingdom
536856,22169,FAMILY ALBUM WHITE PICTURE FRAME,2,2010-12-03 10:26:00,8.5,13370.0,United Kingdom
536856,22759,SET OF 3 NOTEBOOKS IN PARCEL,12,2010-12-03 10:26:00,1.65,13370.0,United Kingdom
536856,22960,JAM MAKING SET WITH JARS,6,2010-12-03 10:26:00,4.25,13370.0,United Kingdom
536856,22622,BOX OF VINTAGE ALPHABET BLOCKS,4,2010-12-03 10:26:00,9.95,13370.0,United Kingdom
536856,22423,REGENCY CAKESTAND 3 TIER,2,2010-12-03 10:26:00,12.75,13370.0,United Kingdom
536856,22623,BOX OF VINTAGE JIGSAW BLOCKS ,6,2010-12-03 10:26:00,4.95,13370.0,United Kingdom
536856,22748,POPPY'S PLAYHOUSE KITCHEN,6,2010-12-03 10:26:00,2.1,13370.0,United Kingdom
536856,22746,POPPY'S PLAYHOUSE LIVINGROOM ,6,2010-12-03 10:26:00,2.1,13370.0,United Kingdom
536856,22745,POPPY'S PLAYHOUSE BEDROOM ,6,2010-12-03 10:26:00,2.1,13370.0,United Kingdom
536856,22747,POPPY'S PLAYHOUSE BATHROOM,6,2010-12-03 10:26:00,2.1,13370.0,United Kingdom
536856,84077,WORLD WAR 2 GLIDERS ASSTD DESIGNS,48,2010-12-03 10:26:00,0.29,13370.0,United Kingdom
536856,21790,VINTAGE SNAP CARDS,12,2010-12-03 10:26:00,0.85,13370.0,United Kingdom
536856,21791,VINTAGE HEADS AND TAILS CARD GAME ,12,2010-12-03 10:26:00,1.25,13370.0,United Kingdom
536856,22549,PICTURE DOMINOES,12,2010-12-03 10:26:00,1.45,13370.0,United Kingdom
536856,22620,4 TRADITIONAL SPINNING TOPS,12,2010-12-03 10:26:00,1.25,13370.0,United Kingdom
536856,22621,TRADITIONAL KNITTING NANCY,12,2010-12-03 10:26:00,1.45,13370.0,United Kingdom
536856,22636,CHILDS BREAKFAST SET CIRCUS PARADE,2,2010-12-03 10:26:00,8.5,13370.0,United Kingdom
536856,22635,CHILDS BREAKFAST SET DOLLY GIRL ,2,2010-12-03 10:26:00,9.95,13370.0,United Kingdom
536856,22940,FELTCRAFT CHRISTMAS FAIRY,8,2010-12-03 10:26:00,4.25,13370.0,United Kingdom
536856,21990,MODERN FLORAL STATIONERY SET,6,2010-12-03 10:26:00,2.95,13370.0,United Kingdom
536856,21993,FLORAL FOLK STATIONERY SET,6,2010-12-03 10:26:00,2.95,13370.0,United Kingdom
536856,84945,MULTI COLOUR SILVER T-LIGHT HOLDER,12,2010-12-03 10:26:00,0.85,13370.0,United Kingdom
536856,22845,VINTAGE CREAM CAT FOOD CONTAINER,2,2010-12-03 10:26:00,6.35,13370.0,United Kingdom
536856,21755,LOVE BUILDING BLOCK WORD,3,2010-12-03 10:26:00,5.95,13370.0,United Kingdom
536856,22699,ROSES REGENCY TEACUP AND SAUCER ,6,2010-12-03 10:26:00,2.95,13370.0,United Kingdom
536856,22697,GREEN REGENCY TEACUP AND SAUCER,6,2010-12-03 10:26:00,2.95,13370.0,United Kingdom
536856,22798,ANTIQUE GLASS DRESSING TABLE POT,8,2010-12-03 10:26:00,2.95,13370.0,United Kingdom
536856,21889,WOODEN BOX OF DOMINOES,12,2010-12-03 10:26:00,1.25,13370.0,United Kingdom
536856,22800,ANTIQUE TALL SWIRLGLASS TRINKET POT,4,2010-12-03 10:26:00,3.75,13370.0,United Kingdom
536856,79000,MOROCCAN TEA GLASS,12,2010-12-03 10:26:00,0.85,13370.0,United Kingdom
536856,22834,HAND WARMER BABUSHKA DESIGN,12,2010-12-03 10:26:00,2.1,13370.0,United Kingdom
536856,22865,HAND WARMER OWL DESIGN,12,2010-12-03 10:26:00,2.1,13370.0,United Kingdom
536856,22468,BABUSHKA LIGHTS STRING OF 10,4,2010-12-03 10:26:00,6.75,13370.0,United Kingdom
536856,21890,S/6 WOODEN SKITTLES IN COTTON BAG,6,2010-12-03 10:26:00,2.95,13370.0,United Kingdom
536856,21892,TRADITIONAL WOODEN CATCH CUP GAME ,12,2010-12-03 10:26:00,1.25,13370.0,United Kingdom
536857,22900, SET 2 TEA TOWELS I LOVE LONDON ,5,2010-12-03 10:33:00,2.95,16883.0,United Kingdom
536857,85123A,WHITE HANGING HEART T-LIGHT HOLDER,2,2010-12-03 10:33:00,2.95,16883.0,United Kingdom
536857,22804,CANDLEHOLDER PINK HANGING HEART,2,2010-12-03 10:33:00,2.95,16883.0,United Kingdom
536857,22802,FAUX FUR CHOCOLATE THROW,1,2010-12-03 10:33:00,19.95,16883.0,United Kingdom
536857,22078,RIBBON REEL LACE DESIGN ,3,2010-12-03 10:33:00,2.1,16883.0,United Kingdom
536857,85049E,SCANDINAVIAN REDS RIBBONS,3,2010-12-03 10:33:00,1.25,16883.0,United Kingdom
536857,85049B,LUSH GREENS RIBBONS,4,2010-12-03 10:33:00,1.25,16883.0,United Kingdom
536857,85049D,BRIGHT BLUES RIBBONS ,5,2010-12-03 10:33:00,1.25,16883.0,United Kingdom
536857,85049G,CHOCOLATE BOX RIBBONS ,4,2010-12-03 10:33:00,1.25,16883.0,United Kingdom
536857,85049C,ROMANTIC PINKS RIBBONS ,4,2010-12-03 10:33:00,1.25,16883.0,United Kingdom
536857,85049F,BABY BOOM RIBBONS ,5,2010-12-03 10:33:00,1.25,16883.0,United Kingdom
536857,22507,MEMO BOARD RETROSPOT  DESIGN,1,2010-12-03 10:33:00,4.95,16883.0,United Kingdom
536857,85049H,URBAN BLACK RIBBONS ,3,2010-12-03 10:33:00,1.25,16883.0,United Kingdom
536857,21730,GLASS STAR FROSTED T-LIGHT HOLDER,3,2010-12-03 10:33:00,4.95,16883.0,United Kingdom
536857,21870,I CAN ONLY PLEASE ONE PERSON MUG,6,2010-12-03 10:33:00,1.25,16883.0,United Kingdom
536857,37449,CERAMIC CAKE STAND + HANGING CAKES,1,2010-12-03 10:33:00,9.95,16883.0,United Kingdom
536857,22558,CLOTHES PEGS RETROSPOT PACK 24 ,2,2010-12-03 10:33:00,1.49,16883.0,United Kingdom
536858,22326,ROUND SNACK BOXES SET OF4 WOODLAND ,30,2010-12-03 10:36:00,2.95,13520.0,Switzerland
536858,22554,PLASTERS IN TIN WOODLAND ANIMALS,36,2010-12-03 10:36:00,1.65,13520.0,Switzerland
536858,21731,RED TOADSTOOL LED NIGHT LIGHT,24,2010-12-03 10:36:00,1.65,13520.0,Switzerland
536858,20677,PINK POLKADOT BOWL,16,2010-12-03 10:36:00,1.25,13520.0,Switzerland
536858,20750,RED RETROSPOT MINI CASES,2,2010-12-03 10:36:00,7.95,13520.0,Switzerland
536858,POST,POSTAGE,2,2010-12-03 10:36:00,40.0,13520.0,Switzerland
536859,22745,POPPY'S PLAYHOUSE BEDROOM ,1,2010-12-03 10:43:00,2.1,12841.0,United Kingdom
536859,21878,PACK OF 6 SANDCASTLE FLAGS ASSORTED,3,2010-12-03 10:43:00,0.85,12841.0,United Kingdom
536859,22841,ROUND CAKE TIN VINTAGE GREEN,1,2010-12-03 10:43:00,7.95,12841.0,United Kingdom
536859,84692,BOX OF 24 COCKTAIL PARASOLS,5,2010-12-03 10:43:00,0.42,12841.0,United Kingdom
536859,22943,CHRISTMAS LIGHTS 10 VINTAGE BAUBLES,2,2010-12-03 10:43:00,4.95,12841.0,United Kingdom
536859,22086,PAPER CHAIN KIT 50'S CHRISTMAS ,2,2010-12-03 10:43:00,2.95,12841.0,United Kingdom
536859,22595,CHRISTMAS GINGHAM HEART,36,2010-12-03 10:43:00,0.85,12841.0,United Kingdom
536859,22594,CHRISTMAS GINGHAM TREE,36,2010-12-03 10:43:00,0.85,12841.0,United Kingdom
536859,22084,PAPER CHAIN KIT EMPIRE,4,2010-12-03 10:43:00,2.95,12841.0,United Kingdom
536859,21733,RED HANGING HEART T-LIGHT HOLDER,2,2010-12-03 10:43:00,2.95,12841.0,United Kingdom
536859,85123A,WHITE HANGING HEART T-LIGHT HOLDER,2,2010-12-03 10:43:00,2.95,12841.0,United Kingdom
536859,22083,PAPER CHAIN KIT RETROSPOT,14,2010-12-03 10:43:00,2.95,12841.0,United Kingdom
536859,22737,RIBBON REEL CHRISTMAS PRESENT ,10,2010-12-03 10:43:00,1.65,12841.0,United Kingdom
536859,21462,"NURSERY A,B,C PAINTED LETTERS",2,2010-12-03 10:43:00,6.75,12841.0,United Kingdom
536859,22582,PACK OF 6 SWEETIE GIFT BOXES,4,2010-12-03 10:43:00,2.55,12841.0,United Kingdom
536859,22584,PACK OF 6 PANNETONE GIFT BOXES,3,2010-12-03 10:43:00,2.55,12841.0,United Kingdom
536859,22585,PACK OF 6 BIRDY GIFT TAGS,10,2010-12-03 10:43:00,1.25,12841.0,United Kingdom
536859,22812,PACK 3 BOXES CHRISTMAS PANNETONE,4,2010-12-03 10:43:00,1.95,12841.0,United Kingdom
536859,85032D,YULETIDE IMAGES GIFT WRAP SET,1,2010-12-03 10:43:00,2.1,12841.0,United Kingdom
536859,22130,PARTY CONE CHRISTMAS DECORATION ,18,2010-12-03 10:43:00,0.85,12841.0,United Kingdom
536859,22468,BABUSHKA LIGHTS STRING OF 10,3,2010-12-03 10:43:00,6.75,12841.0,United Kingdom
536859,79321,CHILLI LIGHTS,3,2010-12-03 10:43:00,4.95,12841.0,United Kingdom
536859,22573,STAR WOODEN CHRISTMAS DECORATION,10,2010-12-03 10:43:00,0.85,12841.0,United Kingdom
536859,22574,HEART WOODEN CHRISTMAS DECORATION,10,2010-12-03 10:43:00,0.85,12841.0,United Kingdom
536860,22627,MINT KITCHEN SCALES,1,2010-12-03 10:43:00,8.5,16905.0,United Kingdom
536860,22626,BLACK KITCHEN SCALES,1,2010-12-03 10:43:00,8.5,16905.0,United Kingdom
536860,85131A,BEADED PEARL HEART WHITE ON STICK,24,2010-12-03 10:43:00,1.25,16905.0,United Kingdom
536860,22155,STAR DECORATION RUSTIC,10,2010-12-03 10:43:00,0.42,16905.0,United Kingdom
536860,22575,METAL MERRY CHRISTMAS WREATH,3,2010-12-03 10:43:00,1.95,16905.0,United Kingdom
536860,22158,3 HEARTS HANGING DECORATION RUSTIC,13,2010-12-03 10:43:00,2.95,16905.0,United Kingdom
536860,84347,ROTATING SILVER ANGELS T-LIGHT HLDR,48,2010-12-03 10:43:00,2.55,16905.0,United Kingdom
536860,22111,SCOTTIE DOG HOT WATER BOTTLE,3,2010-12-03 10:43:00,4.95,16905.0,United Kingdom
536860,21485,RETROSPOT HEART HOT WATER BOTTLE,3,2010-12-03 10:43:00,4.95,16905.0,United Kingdom
536860,21484,CHICK GREY HOT WATER BOTTLE,2,2010-12-03 10:43:00,3.45,16905.0,United Kingdom
536861,22149,FELTCRAFT 6 FLOWER FRIENDS,6,2010-12-03 10:44:00,2.1,12427.0,Germany
536861,22077,6 RIBBONS RUSTIC CHARM,12,2010-12-03 10:44:00,1.65,12427.0,Germany
536861,21249,WOODLAND  HEIGHT CHART STICKERS ,6,2010-12-03 10:44:00,2.95,12427.0,Germany
536861,22636,CHILDS BREAKFAST SET CIRCUS PARADE,8,2010-12-03 10:44:00,7.65,12427.0,Germany
536861,22634,CHILDS BREAKFAST SET SPACEBOY ,8,2010-12-03 10:44:00,8.5,12427.0,Germany
536861,22301,COFFEE MUG CAT + BIRD DESIGN,6,2010-12-03 10:44:00,2.55,12427.0,Germany
536861,22300,COFFEE MUG DOG + BALL DESIGN,6,2010-12-03 10:44:00,2.55,12427.0,Germany
536861,21328,BALLOONS  WRITING SET ,12,2010-12-03 10:44:00,1.65,12427.0,Germany
536861,21329,DINOSAURS  WRITING SET ,12,2010-12-03 10:44:00,1.65,12427.0,Germany
536861,POST,POSTAGE,3,2010-12-03 10:44:00,18.0,12427.0,Germany
536863,10123C,HEARTS WRAPPING TAPE ,1,2010-12-03 11:19:00,0.65,17967.0,United Kingdom
536863,10120,DOGGY RUBBER,1,2010-12-03 11:19:00,0.21,17967.0,United Kingdom
536863,16237,SLEEPING CAT ERASERS,1,2010-12-03 11:19:00,0.21,17967.0,United Kingdom
536863,20727,LUNCH BAG  BLACK SKULL.,1,2010-12-03 11:19:00,1.65,17967.0,United Kingdom
536863,20725,LUNCH BAG RED RETROSPOT,1,2010-12-03 11:19:00,1.65,17967.0,United Kingdom
536863,22384,LUNCH BAG PINK POLKADOT,1,2010-12-03 11:19:00,1.65,17967.0,United Kingdom
536863,22147,FELTCRAFT BUTTERFLY HEARTS,1,2010-12-03 11:19:00,1.45,17967.0,United Kingdom
536863,84006,MAGIC TREE -PAPER FLOWERS,1,2010-12-03 11:19:00,0.85,17967.0,United Kingdom
536863,22382,LUNCH BAG SPACEBOY DESIGN ,1,2010-12-03 11:19:00,1.65,17967.0,United Kingdom
536863,20727,LUNCH BAG  BLACK SKULL.,1,2010-12-03 11:19:00,1.65,17967.0,United Kingdom
536863,22383,LUNCH BAG SUKI  DESIGN ,1,2010-12-03 11:19:00,1.65,17967.0,United Kingdom
536863,20767,BLUE PAISLEY JOURNAL ,1,2010-12-03 11:19:00,2.55,17967.0,United Kingdom
536863,22562,MONSTERS STENCIL CRAFT,1,2010-12-03 11:19:00,1.25,17967.0,United Kingdom
536863,90094,NECKLACE+BRACELET SET FRUIT SALAD ,1,2010-12-03 11:19:00,2.55,17967.0,United Kingdom
536863,20986,BLUE CALCULATOR RULER,2,2010-12-03 11:19:00,1.25,17967.0,United Kingdom
536863,10002,INFLATABLE POLITICAL GLOBE ,1,2010-12-03 11:19:00,0.85,17967.0,United Kingdom
536863,22758,LARGE PURPLE BABUSHKA NOTEBOOK  ,1,2010-12-03 11:19:00,1.25,17967.0,United Kingdom
536863,22537,MAGIC DRAWING SLATE DINOSAUR,1,2010-12-03 11:19:00,0.42,17967.0,United Kingdom
536863,22745,POPPY'S PLAYHOUSE BEDROOM ,1,2010-12-03 11:19:00,2.1,17967.0,United Kingdom
536863,21883,STARS GIFT TAPE ,1,2010-12-03 11:19:00,0.65,17967.0,United Kingdom
536863,21882,SKULLS TAPE,1,2010-12-03 11:19:00,0.65,17967.0,United Kingdom
536863,21026,SPACE OWL,1,2010-12-03 11:19:00,1.25,17967.0,United Kingdom
536863,22800,ANTIQUE TALL SWIRLGLASS TRINKET POT,1,2010-12-03 11:19:00,3.75,17967.0,United Kingdom
536863,85135B,BLUE DRAGONFLY HELICOPTER,1,2010-12-03 11:19:00,7.95,17967.0,United Kingdom
536863,21884,CAKES AND BOWS GIFT  TAPE,1,2010-12-03 11:19:00,0.65,17967.0,United Kingdom
536863,85123A,WHITE HANGING HEART T-LIGHT HOLDER,2,2010-12-03 11:19:00,2.95,17967.0,United Kingdom
536863,22816,CARD MOTORBIKE SANTA,12,2010-12-03 11:19:00,0.42,17967.0,United Kingdom
536863,22219,LOVEBIRD HANGING DECORATION WHITE ,2,2010-12-03 11:19:00,0.85,17967.0,United Kingdom
536863,22748,POPPY'S PLAYHOUSE KITCHEN,1,2010-12-03 11:19:00,2.1,17967.0,United Kingdom
536863,22746,POPPY'S PLAYHOUSE LIVINGROOM ,1,2010-12-03 11:19:00,2.1,17967.0,United Kingdom
536863,22745,POPPY'S PLAYHOUSE BEDROOM ,1,2010-12-03 11:19:00,2.1,17967.0,United Kingdom
536863,22960,JAM MAKING SET WITH JARS,1,2010-12-03 11:19:00,4.25,17967.0,United Kingdom
536863,22560,TRADITIONAL MODELLING CLAY,2,2010-12-03 11:19:00,1.25,17967.0,United Kingdom
536863,22653,BUTTON BOX ,2,2010-12-03 11:19:00,1.95,17967.0,United Kingdom
536863,22756,LARGE YELLOW BABUSHKA NOTEBOOK ,1,2010-12-03 11:19:00,1.25,17967.0,United Kingdom
536863,22757,LARGE RED BABUSHKA NOTEBOOK ,1,2010-12-03 11:19:00,1.25,17967.0,United Kingdom
536863,22758,LARGE PURPLE BABUSHKA NOTEBOOK  ,1,2010-12-03 11:19:00,1.25,17967.0,United Kingdom
536863,22028,PENNY FARTHING BIRTHDAY CARD,12,2010-12-03 11:19:00,0.42,17967.0,United Kingdom
536863,20986,BLUE CALCULATOR RULER,2,2010-12-03 11:19:00,1.25,17967.0,United Kingdom
536863,21586,KINGS CHOICE GIANT TUBE MATCHES,1,2010-12-03 11:19:00,2.55,17967.0,United Kingdom
536863,22384,LUNCH BAG PINK POLKADOT,1,2010-12-03 11:19:00,1.65,17967.0,United Kingdom
536863,22383,LUNCH BAG SUKI  DESIGN ,1,2010-12-03 11:19:00,1.65,17967.0,United Kingdom
536863,22147,FELTCRAFT BUTTERFLY HEARTS,3,2010-12-03 11:19:00,1.45,17967.0,United Kingdom
536863,20961,STRAWBERRY BATH SPONGE ,2,2010-12-03 11:19:00,1.25,17967.0,United Kingdom
536863,20963,APPLE BATH SPONGE,1,2010-12-03 11:19:00,1.25,17967.0,United Kingdom
536863,22750,FELTCRAFT PRINCESS LOLA DOLL,1,2010-12-03 11:19:00,3.75,17967.0,United Kingdom
536863,21452,TOADSTOOL MONEY BOX,1,2010-12-03 11:19:00,2.95,17967.0,United Kingdom
536863,22968,ROSE COTTAGE KEEPSAKE BOX ,2,2010-12-03 11:19:00,9.95,17967.0,United Kingdom
536874,21135,VICTORIAN  METAL POSTCARD SPRING,5,2010-12-03 11:35:00,1.69,16891.0,United Kingdom
536874,22154,ANGEL DECORATION 3 BUTTONS ,1,2010-12-03 11:35:00,0.42,16891.0,United Kingdom
536874,22153,ANGEL DECORATION STARS ON DRESS,1,2010-12-03 11:35:00,0.42,16891.0,United Kingdom
536874,22866,HAND WARMER SCOTTY DOG DESIGN,1,2010-12-03 11:35:00,2.1,16891.0,United Kingdom
536874,84993A,75 GREEN PETIT FOUR CASES,1,2010-12-03 11:35:00,0.42,16891.0,United Kingdom
536874,84991,60 TEATIME FAIRY CAKE CASES,1,2010-12-03 11:35:00,0.55,16891.0,United Kingdom
536874,22910,PAPER CHAIN KIT VINTAGE CHRISTMAS,1,2010-12-03 11:35:00,2.95,16891.0,United Kingdom
536874,22945,CHRISTMAS METAL TAGS ASSORTED ,6,2010-12-03 11:35:00,0.85,16891.0,United Kingdom
536874,21428,SET3 BOOK BOX GREEN GINGHAM FLOWER ,1,2010-12-03 11:35:00,4.25,16891.0,United Kingdom
536874,84987,SET OF 36 TEATIME PAPER DOILIES,1,2010-12-03 11:35:00,1.45,16891.0,United Kingdom
536874,20998,ROSE DU SUD OVEN GLOVE,2,2010-12-03 11:35:00,2.95,16891.0,United Kingdom
536874,21907,I'M ON HOLIDAY METAL SIGN,1,2010-12-03 11:35:00,2.1,16891.0,United Kingdom
536874,22798,ANTIQUE GLASS DRESSING TABLE POT,1,2010-12-03 11:35:00,2.95,16891.0,United Kingdom
536874,21143,ANTIQUE GLASS HEART DECORATION ,1,2010-12-03 11:35:00,1.95,16891.0,United Kingdom
536874,22914,BLUE COAT RACK PARIS FASHION,1,2010-12-03 11:35:00,4.95,16891.0,United Kingdom
536874,21407,BROWN CHECK CAT DOORSTOP ,1,2010-12-03 11:35:00,4.25,16891.0,United Kingdom
536874,22187,GREEN CHRISTMAS TREE CARD HOLDER,1,2010-12-03 11:35:00,4.25,16891.0,United Kingdom
536874,21098,CHRISTMAS TOILET ROLL,1,2010-12-03 11:35:00,1.25,16891.0,United Kingdom
536874,22961,JAM MAKING SET PRINTED,1,2010-12-03 11:35:00,1.45,16891.0,United Kingdom
536874,22144,CHRISTMAS CRAFT LITTLE FRIENDS,1,2010-12-03 11:35:00,2.1,16891.0,United Kingdom
536874,82483,WOOD 2 DRAWER CABINET WHITE FINISH,2,2010-12-03 11:35:00,5.95,16891.0,United Kingdom
536874,22702,BLACK AND WHITE CAT BOWL,1,2010-12-03 11:35:00,2.1,16891.0,United Kingdom
536874,21462,"NURSERY A,B,C PAINTED LETTERS",1,2010-12-03 11:35:00,6.75,16891.0,United Kingdom
536874,22940,FELTCRAFT CHRISTMAS FAIRY,1,2010-12-03 11:35:00,4.25,16891.0,United Kingdom
536874,21034,REX CASH+CARRY JUMBO SHOPPER,1,2010-12-03 11:35:00,0.95,16891.0,United Kingdom
536874,22405,MONEY BOX POCKET MONEY DESIGN,1,2010-12-03 11:35:00,1.25,16891.0,United Kingdom
536874,21715,GIRLS VINTAGE TIN SEASIDE BUCKET,2,2010-12-03 11:35:00,2.55,16891.0,United Kingdom
536874,22406,MONEY BOX KINGS CHOICE DESIGN,1,2010-12-03 11:35:00,1.25,16891.0,United Kingdom
536874,22968,ROSE COTTAGE KEEPSAKE BOX ,1,2010-12-03 11:35:00,9.95,16891.0,United Kingdom
536874,21913,VINTAGE SEASIDE JIGSAW PUZZLES,1,2010-12-03 11:35:00,3.75,16891.0,United Kingdom
536874,22550,HOLIDAY FUN LUDO,1,2010-12-03 11:35:00,3.75,16891.0,United Kingdom
536874,22089,PAPER BUNTING VINTAGE PAISLEY,1,2010-12-03 11:35:00,2.95,16891.0,United Kingdom
536874,21206,STRAWBERRY HONEYCOMB  GARLAND ,1,2010-12-03 11:35:00,1.65,16891.0,United Kingdom
536874,22669,RED BABY BUNTING ,4,2010-12-03 11:35:00,2.95,16891.0,United Kingdom
536874,22076,6 RIBBONS EMPIRE  ,1,2010-12-03 11:35:00,1.65,16891.0,United Kingdom
536874,85049A,TRADITIONAL CHRISTMAS RIBBONS,1,2010-12-03 11:35:00,1.25,16891.0,United Kingdom
536874,85049F,BABY BOOM RIBBONS ,1,2010-12-03 11:35:00,1.25,16891.0,United Kingdom
536874,22633,HAND WARMER UNION JACK,1,2010-12-03 11:35:00,2.1,16891.0,United Kingdom
536874,84987,SET OF 36 TEATIME PAPER DOILIES,1,2010-12-03 11:35:00,1.45,16891.0,United Kingdom
536874,21210,SET OF 72 RETROSPOT PAPER  DOILIES,1,2010-12-03 11:35:00,1.45,16891.0,United Kingdom
536874,22222,CAKE PLATE LOVEBIRD WHITE,1,2010-12-03 11:35:00,4.95,16891.0,United Kingdom
536874,22910,PAPER CHAIN KIT VINTAGE CHRISTMAS,1,2010-12-03 11:35:00,2.95,16891.0,United Kingdom
536874,22130,PARTY CONE CHRISTMAS DECORATION ,6,2010-12-03 11:35:00,0.85,16891.0,United Kingdom
536874,22912,YELLOW COAT RACK PARIS FASHION,1,2010-12-03 11:35:00,4.95,16891.0,United Kingdom
536874,22913,RED COAT RACK PARIS FASHION,1,2010-12-03 11:35:00,4.95,16891.0,United Kingdom
536874,22450,SILK PURSE BABUSHKA BLUE,1,2010-12-03 11:35:00,3.35,16891.0,United Kingdom
536874,22451,SILK PURSE BABUSHKA RED,1,2010-12-03 11:35:00,3.35,16891.0,United Kingdom
536874,22449,SILK PURSE BABUSHKA PINK,1,2010-12-03 11:35:00,3.35,16891.0,United Kingdom
536874,22941,CHRISTMAS LIGHTS 10 REINDEER,1,2010-12-03 11:35:00,8.5,16891.0,United Kingdom
536874,84925D,LA PALMIERA WALL THERMOMETER,1,2010-12-03 11:35:00,2.55,16891.0,United Kingdom
536874,22083,PAPER CHAIN KIT RETROSPOT,1,2010-12-03 11:35:00,2.95,16891.0,United Kingdom
536874,22960,JAM MAKING SET WITH JARS,1,2010-12-03 11:35:00,4.25,16891.0,United Kingdom
536874,22961,JAM MAKING SET PRINTED,1,2010-12-03 11:35:00,1.45,16891.0,United Kingdom
536874,22851,SET 20 NAPKINS FAIRY CAKES DESIGN ,1,2010-12-03 11:35:00,0.85,16891.0,United Kingdom
536874,84520B,PACK 20 ENGLISH ROSE PAPER NAPKINS,1,2010-12-03 11:35:00,0.85,16891.0,United Kingdom
536874,21078,SET/20 STRAWBERRY PAPER NAPKINS ,1,2010-12-03 11:35:00,0.85,16891.0,United Kingdom
536874,21080,SET/20 RED RETROSPOT PAPER NAPKINS ,1,2010-12-03 11:35:00,0.85,16891.0,United Kingdom
536874,20751,FUNKY WASHING UP GLOVES ASSORTED,1,2010-12-03 11:35:00,2.1,16891.0,United Kingdom
536874,20754,RETROSPOT RED WASHING UP GLOVES,1,2010-12-03 11:35:00,2.1,16891.0,United Kingdom
536874,79067,CORONA MEXICAN TRAY,1,2010-12-03 11:35:00,3.75,16891.0,United Kingdom
536874,85099B,JUMBO BAG RED RETROSPOT,3,2010-12-03 11:35:00,1.95,16891.0,United Kingdom
536874,84625A,PINK NEW BAROQUECANDLESTICK CANDLE,2,2010-12-03 11:35:00,2.95,16891.0,United Kingdom
536874,35001G,HAND OPEN SHAPE GOLD,1,2010-12-03 11:35:00,4.25,16891.0,United Kingdom
536874,22374,AIRLINE BAG VINTAGE JET SET RED,1,2010-12-03 11:35:00,4.25,16891.0,United Kingdom
536874,22810,SET OF 6 T-LIGHTS SNOWMEN,1,2010-12-03 11:35:00,2.95,16891.0,United Kingdom
</content>
</content>
